L_elbow,R_elbow,L_shoulder,R_shoulder,L_knee,R_knee,L_hip,R_hip,11_x,11_y,12_x,12_y,13_x,13_y,14_x,14_y,15_x,15_y,16_x,16_y,17_x,17_y,18_x,18_y,19_x,19_y,20_x,20_y,21_x,21_y,22_x,22_y,23_x,23_y,24_x,24_y,25_x,25_y,26_x,26_y,27_x,27_y,28_x,28_y,29_x,29_y,30_x,30_y,31_x,31_y,32_x,32_y,original_frame
99.96,159.01,113.35,103.13,169.71,171.42,6.27,71.62,0.47374556958675385,0.4500168561935425,0.4653299003839493,0.45104125142097473,0.4752322733402252,0.4452236145734787,0.40671540796756744,0.4454800933599472,0.4959726631641388,0.41466207802295685,0.36353470385074615,0.4126069247722626,0.49871934950351715,0.403320848941803,0.35941509902477264,0.4038129597902298,0.5051032602787018,0.40072888135910034,0.35829775035381317,0.4020507037639618,0.5037600249052048,0.40452203154563904,0.35831931233406067,0.40323230624198914,0.4604165405035019,0.5022797137498856,0.4610081762075424,0.5004215091466904,0.4466352164745331,0.5172136873006821,0.4898393750190735,0.4859711676836014,0.4460095316171646,0.5301325768232346,0.5097406506538391,0.4534778594970703,0.44362784922122955,0.533247634768486,0.5114225894212723,0.4526377320289612,0.4525262117385864,0.5269234925508499,0.5262687653303146,0.43376603722572327,11
156.19,138.05,130.17,80.08,164.83,142.17,154.15,112.29,0.49357935786247253,0.45056574543317157,0.4560896356900533,0.45198457439740497,0.5203643838564554,0.44365928570429486,0.38828544815381366,0.4500338137149811,0.5537432630856832,0.4120502173900604,0.3629412551720937,0.4125969310601552,0.5608698030312856,0.4011827309926351,0.35994088649749756,0.4030556281407674,0.5642920931180319,0.3987853229045868,0.35929327209790546,0.40105681618054706,0.5613448321819305,0.4025086561838786,0.36002183953921,0.40291261672973633,0.47401429216067,0.516055832306544,0.4575630823771159,0.5145653386910757,0.479836901028951,0.5548359056313833,0.470736821492513,0.5313016275564829,0.4765306810537974,0.5854155321915945,0.4754618704319,0.5265733202298483,0.471980760494868,0.5911454459031423,0.47624021768569946,0.5286504626274109,0.487221360206604,0.5904143949349722,0.48877230286598206,0.5200197696685791,13
158.3,73.99,117.4,94.85,145.0,166.15,133.28,158.73,0.5327160954475403,0.45135003328323364,0.4433462123076121,0.45360719164212543,0.6061275204022726,0.4408697287241618,0.3631127079327901,0.4567430913448334,0.6619316538174947,0.4089832603931427,0.36162487665812176,0.4121101995309194,0.676746149857839,0.39853596687316895,0.3617691993713379,0.4009448190530141,0.6764485637346903,0.3960932195186615,0.3624749779701233,0.3983648618062337,0.6707541942596436,0.39998238285382587,0.36326812704404193,0.4007396598656972,0.5006607373555502,0.5403966903686523,0.4519827365875244,0.538434902826945,0.5253686706225077,0.616149882475535,0.42792196075121564,0.5932542483011881,0.5271181563536326,0.6790753205617269,0.3993650774161021,0.6269125243028005,0.5188077986240387,0.6894362568855286,0.39783309896787006,0.6332440276940664,0.5514066716035207,0.6958010991414388,0.4026828904946645,0.637281984090805,14
160.19,57.17,109.84,99.37,158.77,176.76,142.49,154.68,0.5397649010022482,0.4521395166714986,0.4330341617266337,0.4546884000301361,0.6168839534123739,0.4404400984446208,0.34096654256184894,0.4592190384864807,0.678096612294515,0.4071250259876251,0.3642067015171051,0.41144634286562604,0.6946931878725687,0.3967345058917999,0.36521241068840027,0.4004056354363759,0.6928696235020956,0.39387766520182294,0.3681863447030385,0.3985406955083211,0.6859997510910034,0.3974315623442332,0.37028724948565167,0.40220415592193604,0.513566772143046,0.5565705498059591,0.4531054397424062,0.5574094851811727,0.5527706146240234,0.634365181128184,0.4354792833328247,0.634709378083547,0.552931567033132,0.7027420202891032,0.41301194826761883,0.697912355264028,0.5398884614308676,0.7147194544474283,0.4159846405188243,0.705760657787323,0.5957181255022684,0.7216882109642029,0.4139220515886943,0.7219989697138468,15
161.66,54.79,111.59,99.9,156.15,175.35,141.19,155.43,0.54518061876297,0.4524591664473216,0.43130343159039813,0.4551792840162913,0.6218149065971375,0.44035114844640094,0.3358452320098877,0.4590312639872233,0.6855205496152242,0.4074477553367615,0.3677232066790263,0.4105640649795532,0.7027991016705831,0.3969351251920064,0.3705274959405263,0.39976269006729126,0.7013103564580282,0.3936384717623393,0.3752632935841878,0.39828036228815716,0.6937053600947062,0.39726609985033673,0.37712545196215314,0.4023764133453369,0.5209782918294271,0.5637811024983724,0.45463184515635174,0.5656174222628275,0.5565288265546163,0.6365770300229391,0.4378403425216675,0.641336977481842,0.5607811411221822,0.7059774994850159,0.41621625423431396,0.7104311386744181,0.5454733967781067,0.7186502615610758,0.4210829238096873,0.7181715965270996,0.6159061193466187,0.7238723039627075,0.4140082796414693,0.7373098333676656,16
163.1,51.39,112.27,99.59,157.51,173.23,141.49,156.62,0.5489190419514974,0.45257269342740375,0.4325975775718689,0.4552961389223735,0.6250026822090149,0.44047744075457257,0.3370006283124288,0.45847787459691364,0.6906668941179911,0.4080943167209625,0.3713599443435669,0.4099155068397522,0.7086673378944397,0.39793627460797626,0.3749130368232727,0.3996473550796509,0.707389235496521,0.3943463961283366,0.3798397978146871,0.398288498322169,0.6990126570065817,0.39804181456565857,0.38152840733528137,0.40264808138211566,0.523490826288859,0.5654032627741495,0.45586084326108295,0.5673107107480367,0.5576960643132528,0.636849582195282,0.4392176071802775,0.6416471600532532,0.5609082579612732,0.7058197259902954,0.41606669624646503,0.7099997997283936,0.5453486442565918,0.7183302442232767,0.4209985037644704,0.7172556320826212,0.6164478262265524,0.7239863673845927,0.4139610727628072,0.7380611697832743,17
163.52,52.34,111.34,99.99,157.61,173.13,142.49,154.9,0.5508321324984232,0.4526030520598094,0.4339299996693929,0.4553120831648509,0.627393881479899,0.44098042448361713,0.338366170724233,0.457558552424113,0.6944953600565592,0.40945112705230713,0.37458060185114544,0.40973828236262005,0.7125780781110128,0.39975565671920776,0.3785686989625295,0.39962611595789593,0.7114294171333313,0.39609502752621967,0.38321153322855633,0.3983529210090637,0.7027026812235514,0.3998556236426036,0.3845361868540446,0.40294626355171204,0.525343120098114,0.5656483769416809,0.4579229454199473,0.5677952170372009,0.5582735538482666,0.6367318630218506,0.440299650033315,0.6417708396911621,0.5605900287628174,0.7057694991429647,0.41532862186431885,0.7099063396453857,0.5444703499476115,0.7184653083483378,0.41985281308492023,0.7170265515645345,0.6166949073473612,0.7244046529134115,0.4136503040790558,0.7388295332590739,18
163.79,50.8,110.43,102.5,156.11,173.47,143.34,152.18,0.5519358118375143,0.4526490271091461,0.43499984343846637,0.45526864131291706,0.6297633846600851,0.4420580367247264,0.33971404035886127,0.455896923939387,0.6978863676389059,0.41209205985069275,0.3769577244917552,0.4096525311470032,0.7157544493675232,0.40304580330848694,0.3809773127237956,0.3997630774974823,0.7150850097338358,0.39931580424308777,0.3849693735440572,0.39862563212712604,0.7065622210502625,0.4028974076112111,0.3861786723136902,0.4033579428990682,0.5268539388974508,0.5662916501363119,0.4604225655396779,0.5681428710619608,0.5587653915087382,0.6368996500968933,0.4406525393327077,0.6420157154401144,0.5597328742345175,0.7058256467183431,0.41374389330546063,0.7100659211476644,0.5429802934328715,0.7185901006062826,0.41779322425524396,0.7169409990310669,0.6155653993288676,0.7251900434494019,0.4129173954327901,0.7394961714744568,19
164.76,49.13,108.87,104.43,155.75,173.63,143.88,149.94,0.5533053080240885,0.45287198821703595,0.43560394644737244,0.45521020889282227,0.632125973701477,0.44366910060246784,0.34096335371335346,0.4529576400915782,0.7006606062253317,0.41583408912022907,0.37970388929049176,0.40905656417210895,0.7180197834968567,0.40738025307655334,0.38373903433481854,0.3998560905456543,0.7177792191505432,0.4040468732515971,0.3874027232329051,0.398891806602478,0.7098037997881571,0.4073644280433655,0.3885781168937683,0.40371959408124286,0.5280630191167196,0.5667038559913635,0.462721327940623,0.5681972106297811,0.5588871836662292,0.6370479067166647,0.4408349295457204,0.6421043674151102,0.5581784844398499,0.7060954173405966,0.4120242695013682,0.7100077668825785,0.540800154209137,0.7191575368245443,0.41545485456784564,0.7166691819826762,0.6143495639165243,0.7260168393452963,0.41189107298851013,0.739952286084493,20
165.13,49.84,108.21,107.67,155.4,173.39,144.3,147.94,0.5548655788103739,0.4532020688056946,0.43622370560963947,0.4550585349400838,0.634867270787557,0.4456820785999298,0.3428867260615031,0.45039284229278564,0.7030820250511169,0.4198846717675527,0.38242950042088825,0.40832212567329407,0.7208438316980997,0.4119919538497925,0.386665016412735,0.39993150035540265,0.7206482291221619,0.4087325831254323,0.3899003366629283,0.39909541606903076,0.7129570245742798,0.41176655888557434,0.3908051351706187,0.4039434790611267,0.5291914939880371,0.5673192540804545,0.4648895462354024,0.5682223836580912,0.5588038762410482,0.6373208165168762,0.4410817126433055,0.6424097021420797,0.5568496187527975,0.7065403660138448,0.41049594680468243,0.7099190354347229,0.5392795205116272,0.7196227113405863,0.4129449923833211,0.716916819413503,0.6124450365702311,0.7266072233517965,0.411132276058197,0.7397172848383585,21
164.15,49.96,107.09,109.19,155.25,173.22,145.02,146.12,0.5566273927688599,0.45358457167943317,0.43696386615435284,0.45471136768658954,0.6382011771202087,0.4473147988319397,0.3449990351994832,0.4483713408311208,0.7056260307629904,0.42281392216682434,0.38468169172604877,0.4076152940591176,0.7239412665367126,0.4150593380133311,0.38849817713101703,0.399880846341451,0.723600963751475,0.41206687688827515,0.3916109999020894,0.39908761779467267,0.7159345746040344,0.41507192452748615,0.3923444251219432,0.4038563668727875,0.5302821199099222,0.5675355593363444,0.4666547179222107,0.5680188536643982,0.5587226152420044,0.6373791495958964,0.44142505526542664,0.6425942778587341,0.5556624929110209,0.7068799336751302,0.40951693058013916,0.7093059023221334,0.5381664236386617,0.7197622060775757,0.41140662630399066,0.7164817253748575,0.6113684177398682,0.7265571753184,0.4105532268683116,0.7393693526585897,22
164.07,49.32,106.99,109.03,155.34,172.76,145.18,145.83,0.5575875043869019,0.4538374940554301,0.4378446837266286,0.4541880091031392,0.6403816143671671,0.44888511300086975,0.34619466463724774,0.4476392964522044,0.7076450983683268,0.42565105358759564,0.38583962122599286,0.4075273672739665,0.7264938354492188,0.4176558355490367,0.38962427775065106,0.39986251791318256,0.726200540860494,0.4146030743916829,0.39254553119341534,0.399056335290273,0.7185675501823425,0.41779032349586487,0.3930281599362691,0.4037989576657613,0.5312652389208475,0.5676506161689758,0.4685484866301219,0.5679653882980347,0.5587561329205831,0.6374818682670593,0.4420272608598073,0.6428215503692627,0.5548283855120341,0.7071951627731323,0.4088776608308156,0.7091668844223022,0.5374233722686768,0.7200097242991129,0.41034770011901855,0.7164709568023682,0.6108209093411764,0.7266324162483215,0.41015685598055523,0.7395808498064677,23
164.87,48.98,105.26,109.35,155.27,172.89,146.28,144.22,0.5578797459602356,0.45414650440216064,0.43913955489794415,0.4536851445833842,0.641038159529368,0.45008497436841327,0.348155399163564,0.44659777482350665,0.7106541792551676,0.42746196190516156,0.3871558904647827,0.40755202372868854,0.7294678886731466,0.4191761910915375,0.390853891770045,0.3998636802037557,0.7293312350908915,0.4161003828048706,0.39350625872612,0.39904549717903137,0.7221779823303223,0.41944417357444763,0.3938597838083903,0.4037184516588847,0.5323138038317362,0.5677342613538107,0.47044991453488666,0.5680028597513834,0.5586912830670675,0.6375620166460673,0.44236360987027484,0.6428216695785522,0.5543908874193827,0.7070509394009908,0.4085160394509633,0.709014097849528,0.5370597243309021,0.7199103832244873,0.409528911113739,0.7161227265993754,0.6095288594563802,0.7267293731371561,0.40985196828842163,0.7403297026952108,24
165.33,50.18,104.16,110.95,156.7,174.82,148.43,142.29,0.5576435724894205,0.45448728402455646,0.4412227471669515,0.45329320430755615,0.6397491097450256,0.4516540467739105,0.3512222170829773,0.44505640864372253,0.7113300164540609,0.4300948878129323,0.3887118299802144,0.4075500766436259,0.7303776144981384,0.4220101237297058,0.3926975131034851,0.39987720052401227,0.7305611371994019,0.4186312059561412,0.3948802053928375,0.39907289544741315,0.7236540118853251,0.421875923871994,0.3949607312679291,0.4036644399166107,0.5329902768135071,0.5675721168518066,0.4725433389345805,0.5678972999254862,0.5584969719250997,0.6375257968902588,0.4427727361520131,0.6426500082015991,0.5542635520299276,0.7071485718091329,0.4082610309123993,0.7092034816741943,0.5367433031400045,0.7202191154162089,0.4089158773422241,0.7160013119379679,0.6084794998168945,0.7269838452339172,0.4096201956272125,0.7409026225407919,25
165.4,51.62,103.39,111.29,157.5,175.18,148.31,142.51,0.5573383569717407,0.4549729824066162,0.44373345375061035,0.45303061604499817,0.6389296452204386,0.45306922992070514,0.3556207815806071,0.4430984556674957,0.712182859579722,0.4326644440491994,0.3910849690437317,0.4074984590212504,0.7320859630902609,0.4248925447463989,0.39507914582888287,0.39989998936653137,0.7322155237197876,0.4213925302028656,0.397073100010554,0.39913297692934674,0.7250937223434448,0.42439988255500793,0.39696723222732544,0.40359893441200256,0.5334802071253458,0.567559560139974,0.4740689893563588,0.5677058895428976,0.5582893093427023,0.6373385787010193,0.44315336147944134,0.6425503094991049,0.5544461607933044,0.7072274883588155,0.4080768823623657,0.709450344244639,0.5367702841758728,0.7202855547269186,0.40851638714472455,0.7160347501436869,0.6080164114634196,0.7269462943077087,0.4093034366766612,0.7412043412526449,26
166.58,52.86,102.34,111.53,157.63,174.32,148.65,143.43,0.557217021783193,0.4554452995459239,0.44696879386901855,0.4527781506379445,0.6384639541308085,0.45423845450083417,0.3594835698604584,0.4411705533663432,0.7122336228688558,0.4353644053141276,0.3930793305238088,0.4073868691921234,0.7332558830579122,0.427763173977534,0.39710135261217755,0.3999607563018799,0.7334445317586263,0.424238920211792,0.39899707833925885,0.3991854687531789,0.7257405916849772,0.4270511070887248,0.3987069030602773,0.4035514493783315,0.5336875120798746,0.5675450364748637,0.47541823983192444,0.5675698518753052,0.5581954916318258,0.6373493671417236,0.4438854455947876,0.642725924650828,0.5547469655672709,0.7076055407524109,0.4078780710697174,0.7093611756960551,0.5368222594261169,0.7204835216204325,0.40824416279792786,0.715576688448588,0.6087467273076376,0.7269360621770223,0.40892159938812256,0.7411324381828308,27
167.49,53.67,102.38,111.62,158.4,173.63,149.44,144.02,0.5573813716570536,0.45596981048583984,0.44994985063870746,0.4526341458161672,0.6390151977539062,0.4553385277589162,0.3632185657819112,0.4398398796717326,0.7137421369552612,0.43777747948964435,0.39466768503189087,0.4072716335455577,0.7352582017580668,0.43039947748184204,0.39900567134221393,0.40009309848149616,0.7353167732556661,0.4270683129628499,0.40084372957547504,0.3993345995744069,0.7272559603055319,0.4296736717224121,0.40031102299690247,0.40354185303052265,0.5344509681065878,0.5678285559018453,0.47685618201891583,0.5675920446713766,0.5582586526870728,0.6375088294347128,0.4448165198167165,0.6427896618843079,0.5547576149304708,0.7079459230105082,0.40770841638247174,0.7091527183850607,0.5368299881617228,0.720501164595286,0.4079718291759491,0.715218742688497,0.6092524329821268,0.7269829710324606,0.40840499599774677,0.7413031856218973,28
167.57,56.78,101.37,111.54,158.85,173.64,150.57,143.81,0.5578354199727377,0.45642035206158954,0.4523397584756215,0.45251617829004925,0.640245795249939,0.4563661714394887,0.36611469586690265,0.43845751881599426,0.7155299782752991,0.43964051206906635,0.396176944176356,0.40717195471127826,0.7370562752087911,0.4328688283761342,0.4011002779006958,0.4006795783837636,0.7370637257893881,0.42959819237391156,0.40278626481692,0.4000350435574849,0.7288973927497864,0.4320727189381917,0.4018782873948415,0.40375975767771405,0.5353487531344095,0.5680124958356222,0.47833502292633057,0.5676421920458475,0.5583627422650655,0.637719988822937,0.44572901725769043,0.642768144607544,0.5546842813491821,0.7081623872121176,0.4075991412003835,0.7089653213818868,0.5367231170336405,0.7205864985783895,0.40741385022799176,0.7149710257848104,0.6088617245356241,0.7270736296971639,0.4080088535944621,0.7416988412539164,29
167.49,55.83,100.56,112.81,158.98,173.3,151.0,143.61,0.5583545366923014,0.45696592330932617,0.4539238413174947,0.4524507423241933,0.6417582432428995,0.45814143617947894,0.3683416247367859,0.43732492129007977,0.7168770233790079,0.4420519173145294,0.39788731932640076,0.40713005264600116,0.7380844553311666,0.4362039963404338,0.4035078187783559,0.40147703886032104,0.737939457098643,0.432984858751297,0.4050774971644084,0.4010607600212097,0.7297594348589579,0.4352560142676036,0.4038292368253072,0.40412386258443195,0.5360669692357382,0.5682545900344849,0.47948817412058514,0.5677787860234579,0.5584981838862101,0.6378414432207743,0.4465525945027669,0.6425183614095052,0.5545461773872375,0.7082123160362244,0.40747639536857605,0.7089410225550333,0.5366024971008301,0.7205835978190104,0.40654662251472473,0.7150047024091085,0.608270545800527,0.7271369099617004,0.40775089462598163,0.7420966426531473,30
166.27,54.3,99.65,113.22,158.93,173.01,150.85,143.74,0.5586686333020529,0.4574553271134694,0.4545019567012787,0.45236125588417053,0.6429943839708964,0.45983147621154785,0.36947280168533325,0.4358893036842346,0.7180505394935608,0.44384921590487164,0.4000294307867686,0.40683966875076294,0.7393136421839396,0.438510795434316,0.40549809734026593,0.4021795690059662,0.7389915784200033,0.4352593918641408,0.40699026981989544,0.4019273022810618,0.7306662400563558,0.4375680387020111,0.4056603213151296,0.40446112553278607,0.5364105502764384,0.5683328708012899,0.47999682029088336,0.5678563316663107,0.5586318373680115,0.6378342310587565,0.4472608466943105,0.6423515876134237,0.5544533729553223,0.7082230448722839,0.4072932302951813,0.708832859992981,0.5365089972813925,0.7206193804740906,0.40538375576337177,0.7148705124855042,0.6077744762102762,0.7272336681683859,0.4075205127398173,0.7421226700146993,31
165.35,53.45,99.02,114.21,158.71,171.83,150.9,144.14,0.5588342944780985,0.45807772874832153,0.45488425095876056,0.4520759383837382,0.6436224182446798,0.4615787665049235,0.37058642506599426,0.43501057227452594,0.7187355558077494,0.4451483488082886,0.4017431437969208,0.4065778950850169,0.7401815056800842,0.4401660164197286,0.4069928129514058,0.4025886456171672,0.739706814289093,0.4370676577091217,0.4083484212557475,0.4023936589558919,0.7313202818234762,0.4393263558546702,0.4071025252342224,0.40464574098587036,0.5366864601771036,0.5683446526527405,0.4805811047554016,0.567828098932902,0.5586991111437479,0.637789785861969,0.4478539526462555,0.64223845799764,0.5543539921442667,0.7081991036732992,0.4069484968980153,0.7087250351905823,0.5364310344060262,0.7206268707911173,0.40421782930692035,0.7147266467412313,0.6074385841687521,0.7272971868515015,0.40731701254844666,0.7420138319333395,32
164.28,53.75,98.31,114.46,159.01,171.59,151.41,143.35,0.5587142705917358,0.45873334010442096,0.4551454683144887,0.4518125553925832,0.6438720027605692,0.4625527362028758,0.3726731538772583,0.4344090720017751,0.7196699976921082,0.4456910689671834,0.4031049907207489,0.40639275312423706,0.7413056492805481,0.4408378501733144,0.4076472421487172,0.4031380315621694,0.7410125136375427,0.4380726416905721,0.4089073936144511,0.4028790493806203,0.7324701348940531,0.4403323531150818,0.4079037308692932,0.4049616952737172,0.5369842648506165,0.5683554212252299,0.4811144471168518,0.5678462982177734,0.5588133136431376,0.6378317077954611,0.4483754634857178,0.6422833402951559,0.5544313987096151,0.7082232435544332,0.4066079556941986,0.7084950804710388,0.5363645553588867,0.7207219998041788,0.4032807449499766,0.714467187722524,0.6074505647023519,0.7274535298347473,0.4070982833703359,0.7417435248692831,33
165.04,56.57,98.6,114.93,159.27,171.08,151.72,143.44,0.5584563811620077,0.45931774377822876,0.4556196331977844,0.4514380594094594,0.6438004374504089,0.4634413520495097,0.3752765953540802,0.434169868628184,0.7202208042144775,0.4464644193649292,0.4043278495470683,0.4064997335275014,0.7419962485631307,0.4416048626104991,0.4085560441017151,0.40404077370961505,0.7419116695721945,0.4391805628935496,0.40961140394210815,0.40371323625246686,0.7333685557047526,0.4414297342300415,0.40881214539210003,0.4055347740650177,0.5372503201166788,0.5683240294456482,0.4819278120994568,0.5678256948788961,0.5588615338007609,0.6379621624946594,0.44882985949516296,0.6422182520230612,0.5545164545377096,0.7082236210505167,0.4062223633130391,0.7084941267967224,0.5362251996994019,0.7207971811294556,0.40254531304041546,0.7144405841827393,0.607604463895162,0.7276161909103394,0.4068942467371623,0.7418075402577718,34
164.8,57.02,97.82,115.23,159.38,171.08,152.12,143.04,0.5584181149800619,0.45994052290916443,0.4567835529645284,0.45131712158521015,0.6440871755282084,0.4638213912645976,0.3789322276910146,0.434097021818161,0.7210443615913391,0.4471157491207123,0.40554626782735187,0.40666185816129047,0.7427602608998617,0.4421279927094777,0.40943242112795514,0.404906431833903,0.7428805828094482,0.44001832604408264,0.4103478988011678,0.4044567147890727,0.7343431313832601,0.4423404534657796,0.40974990526835126,0.40614240368207294,0.5375070770581564,0.5684793988863627,0.4826394319534302,0.5679443875948588,0.5588971773783366,0.6381665070851644,0.4492681721846263,0.6422085563341776,0.554613987604777,0.7082143823305765,0.40596358974774677,0.7083635528882345,0.5360953013102213,0.7208447257677714,0.4019353787104289,0.7142168879508972,0.6078051527341207,0.7277928193410238,0.40659823020299274,0.7417619824409485,35
165.63,61.68,98.52,114.77,159.66,170.81,152.26,143.43,0.5583441853523254,0.46026190121968585,0.4577241639296214,0.451230267683665,0.6438411076863607,0.46440332134564716,0.3814026614030202,0.4337608218193054,0.7216764092445374,0.447861909866333,0.40689195195833844,0.40667883555094403,0.7434418598810831,0.4432725707689921,0.41054750482241315,0.4053877492745717,0.7437048951784769,0.44132880369822186,0.41164590915044147,0.4049161871274312,0.7352463205655416,0.4435511926809947,0.41124574343363446,0.4065144658088684,0.5376644929250082,0.5686049660046896,0.4833480417728424,0.5680697758992513,0.5588475068410238,0.6383081475893656,0.4496496816476186,0.6421353022257487,0.5545505483945211,0.7081923882166544,0.40551809469858807,0.7083927392959595,0.5358824729919434,0.7208432555198669,0.4010112186272939,0.714174211025238,0.6077833573023478,0.7279337445894877,0.40631046891212463,0.7418493231137594,36
165.25,60.34,97.76,115.8,159.69,170.51,152.5,143.03,0.5584508180618286,0.4605110088984172,0.4587811728318532,0.45127858718236286,0.6436208685239156,0.4649851123491923,0.3849439124266307,0.4335988263289134,0.7220617334047953,0.4488629301389058,0.408552606900533,0.40665073196093243,0.7438157995541891,0.4447537461916606,0.41187740365664166,0.4054979979991913,0.7441849907239279,0.44290321071942645,0.41329965988794964,0.4050246477127075,0.7357657551765442,0.4450596769650777,0.41310874621073407,0.40661760171254474,0.5379236141840616,0.5687462488810221,0.4841238061587016,0.5682259003321329,0.5588139494260153,0.6384268005688986,0.4501177966594696,0.6422005891799927,0.5544891158739725,0.7081860502560934,0.4051671822865804,0.7082649866739908,0.5357651909192404,0.7209001382191976,0.39966843525568646,0.7139838735262553,0.6076793869336446,0.7280287345250448,0.4061572849750519,0.7417989373207092,37
165.24,64.84,96.91,116.55,159.94,170.06,152.96,142.8,0.5583931605021158,0.460544894138972,0.45916921893755597,0.45131221413612366,0.6431573629379272,0.4657132724920909,0.3879319727420807,0.4332476754983266,0.7222265005111694,0.45012813806533813,0.4109574556350708,0.40650832653045654,0.7440049846967062,0.4465808570384979,0.4137536684672038,0.4054628411928813,0.7445556918780009,0.44471179445584613,0.4158767561117808,0.40504737695058185,0.7361066937446594,0.4469088713328044,0.41578664382298786,0.4066169659296672,0.5381303826967875,0.5687475005785624,0.4848174254099528,0.5682826439539591,0.5587911009788513,0.6385368704795837,0.4506576458613078,0.6422177950541178,0.5542559623718262,0.7081776062647501,0.4046391149361928,0.7082095344861349,0.535589595635732,0.7209269801775614,0.3977564175923665,0.7138718962669373,0.6069933970769247,0.7281577984491984,0.40610350171724957,0.7418164014816284,38
165.59,65.51,96.68,117.51,159.71,169.17,153.25,142.68,0.5584781169891357,0.4606988728046417,0.45977481206258136,0.4514051874478658,0.6424275636672974,0.46650198101997375,0.39133258660634357,0.43325286110242206,0.7221544981002808,0.4517054855823517,0.4134563207626343,0.40642452239990234,0.7438507080078125,0.4486994445323944,0.4157010614871979,0.4054010311762492,0.7444358070691427,0.4468274215857188,0.4183075229326884,0.4049923022588094,0.7359609802563986,0.44918407996495563,0.41836607456207275,0.40658077597618103,0.5384737849235535,0.5687512556711832,0.48556390404701233,0.5682737827301025,0.5588327050209045,0.6386095881462097,0.45136870940526325,0.6422571142514547,0.5540536244710287,0.7081882754961649,0.4043355385462443,0.7081069946289062,0.5354952414830526,0.7209730545679728,0.3963667054971059,0.7137454350789388,0.6064290801684061,0.7283011674880981,0.4059727390607198,0.7417101065317789,39
165.73,65.71,96.0,117.86,159.81,168.6,153.58,142.78,0.5586958924929301,0.4608791569868724,0.4607171614964803,0.45150912801424664,0.6410751740137736,0.4672875702381134,0.39377578099568683,0.43293578426043194,0.7220519383748373,0.45308786630630493,0.4148736397425334,0.4063384433587392,0.7437193791071574,0.4503921568393707,0.4167700707912445,0.40536075830459595,0.7444036404291788,0.44850608706474304,0.41986824075380963,0.4049544433752696,0.7358034253120422,0.45109198490778607,0.42003878951072693,0.40655283133188885,0.5388093590736389,0.5687406063079834,0.4862397412459056,0.568220833937327,0.5588860511779785,0.638676921526591,0.45208603143692017,0.642208993434906,0.5537519852320353,0.7081954677899679,0.4039892554283142,0.7080398400624593,0.5353023608525594,0.720956563949585,0.39529568950335187,0.7135729789733887,0.6059233347574869,0.7284462253252665,0.40584827462832135,0.741608182589213,40
165.43,70.22,95.28,118.16,159.75,168.12,153.78,143.21,0.5591984987258911,0.4609817663828532,0.4623695909976959,0.4517054855823517,0.6396470467249552,0.4682123859723409,0.39646993080774945,0.43268537521362305,0.7215180993080139,0.4549264808495839,0.4152081112066905,0.406289001305898,0.7432525157928467,0.45239166418711346,0.4168961743513743,0.40533344944318134,0.744225800037384,0.4504856963952382,0.4201153814792633,0.40490363041559857,0.7354764938354492,0.4531317949295044,0.4204730788866679,0.4065070152282715,0.539095143477122,0.5687266786893209,0.4868100782235463,0.5680730740229288,0.5589671730995178,0.6387280623118082,0.45271467169125873,0.6421738068262736,0.5537058313687643,0.7083247105280558,0.40381428599357605,0.7079266905784607,0.5351730982462565,0.7210522691408793,0.39489028851191205,0.7132404645284017,0.6060835123062134,0.7285954554875692,0.4055777887503306,0.7414740125338236,41
165.75,76.99,94.99,117.87,159.92,167.5,153.39,144.31,0.559630294640859,0.4610075155893962,0.4641086459159851,0.45189045866330463,0.6383553743362427,0.4691277841726939,0.39899105827013653,0.43238602081934613,0.7207728425661722,0.4568549295266469,0.4150328040122986,0.4062530001004537,0.7427667180697123,0.4539402325948079,0.4167146384716034,0.405170480410258,0.7440892259279887,0.4520289401213328,0.4200284282366435,0.4047317902247111,0.7351155479749044,0.4548049171765645,0.4204480051994324,0.4063216944535573,0.5393314162890116,0.5686713059743246,0.4873124460379283,0.567879319190979,0.5590035120646158,0.6387772361437479,0.45362870891888935,0.6421509583791097,0.5536510547002157,0.7084473172823588,0.40331759055455524,0.7079083124796549,0.5349787076314291,0.7211915453275045,0.39392195145289105,0.7130599021911621,0.6060755054155985,0.7286865711212158,0.40541327993075055,0.741483211517334,42
165.73,78.55,94.07,117.94,160.12,165.33,153.78,145.36,0.559933066368103,0.46099748214085895,0.4653737445672353,0.4520680904388428,0.6366057395935059,0.46996522943178815,0.4022807876269023,0.43226640423138935,0.7183578411738077,0.45871633291244507,0.4153478145599365,0.4061707357565562,0.7414523164431254,0.4562433063983917,0.4168616831302643,0.4049539069334666,0.7430792649586996,0.45441071192423504,0.42034382621447247,0.40450698137283325,0.7335241039594015,0.45693885286649066,0.4208642741044362,0.4060636858145396,0.5396166443824768,0.5685752232869467,0.48780253529548645,0.5675910115242004,0.5590163667996725,0.6388447880744934,0.4545487662156423,0.6421327392260233,0.5537028511365255,0.7085733413696289,0.40285810828208923,0.7078891396522522,0.5348824659983317,0.7214169104894003,0.3930978973706563,0.7129753629366556,0.6060382525126139,0.7288042902946472,0.4051106373469035,0.7415192524592081,43
164.96,87.4,92.96,119.49,160.58,164.81,154.45,145.23,0.5605432987213135,0.461060772339503,0.46648097038269043,0.45225422581036884,0.6350393692652384,0.4707557161649068,0.4047425885995229,0.4319450557231903,0.716431458791097,0.46025800704956055,0.41604117552439374,0.40569978952407837,0.740350345770518,0.4583657781283061,0.4174778064092,0.4042392472426097,0.7421563466389974,0.4562632143497467,0.421040544907252,0.40377019842465717,0.7321281631787618,0.458601176738739,0.4216010371843974,0.4052993257840474,0.5401654640833536,0.5684423446655273,0.48835386832555133,0.5672832926114401,0.5589815974235535,0.6389832297960917,0.45553924640019733,0.6421167453130087,0.5535792112350464,0.7087045510609945,0.4023491342862447,0.7079364856084188,0.5347866217295328,0.7216439048449198,0.3921638826529185,0.7130497097969055,0.6059695879618326,0.728962262471517,0.40493101874987286,0.7416454752286276,44
164.98,89.15,92.92,119.56,161.2,164.07,154.72,146.07,0.5611710349718729,0.4613795379797618,0.468421866496404,0.4526461064815521,0.6339938044548035,0.47126807769139606,0.4076601564884186,0.43145907918612164,0.7145309646924337,0.4617229998111725,0.4168154001235962,0.40519632895787555,0.7389918764432272,0.46075165271759033,0.41823290785153705,0.40330325563748676,0.7411676247914633,0.45819881558418274,0.42179901401201886,0.4028379221757253,0.7307968934377035,0.46025697390238446,0.4223318894704183,0.4044135808944702,0.5406008958816528,0.5683936278025309,0.48906110723813373,0.5670969684918722,0.5589398344357809,0.6391297181447347,0.4559665421644847,0.642108142375946,0.5534657637278239,0.7088498671849569,0.40202470620473224,0.7079038421312968,0.5347416202227274,0.7219910820325216,0.3912547032038371,0.7129964431126913,0.6059398452440897,0.7291064461072286,0.4047180910905202,0.7417863607406616,45
166.59,93.51,93.56,119.24,161.15,164.5,154.57,146.62,0.5618018309275309,0.4617280761400859,0.47009386618932086,0.4529998501141866,0.6339755058288574,0.47195054093996686,0.4094219406445821,0.43043312430381775,0.7138832807540894,0.463316410779953,0.41902286807696026,0.40537986159324646,0.7381642063458761,0.4629974961280823,0.4203913112481435,0.4025958478450775,0.7407382527987162,0.4600212574005127,0.4234816829363505,0.40219634771347046,0.7304022709528605,0.46190011501312256,0.4238434433937073,0.40373219052950543,0.5410525798797607,0.5683993299802145,0.48955564697583515,0.5669621626536051,0.5589349468549093,0.6392701665560404,0.4564916690190633,0.6420924663543701,0.5533541838328043,0.7090561588605245,0.40169307589530945,0.7078705032666525,0.5346307953198751,0.7223044037818909,0.3904685576756795,0.7129356662432352,0.6059399445851644,0.7292173306147257,0.40459511677424115,0.7419328689575195,46
165.75,85.13,92.35,121.47,161.45,163.3,155.2,146.98,0.5620555679003397,0.46207883954048157,0.47161457935969037,0.45326022307078045,0.6338151892026266,0.473047931989034,0.4116210341453552,0.4290551245212555,0.7127697070439657,0.46529096364974976,0.4213370978832245,0.4058578908443451,0.7365977168083191,0.4653639892737071,0.42304526766141254,0.4024272362391154,0.7396755417188009,0.4622528751691182,0.42577295502026874,0.4019873042901357,0.7293993830680847,0.4639095664024353,0.42606451114018756,0.4035893479983012,0.541366974512736,0.5684765179951986,0.48997678359349567,0.5669509172439575,0.5589635372161865,0.639310876528422,0.45725805560747784,0.642073392868042,0.5533679922421774,0.7091569304466248,0.40135329961776733,0.7078375617663065,0.5345493157704672,0.7225695451100668,0.38962826132774353,0.7128884792327881,0.6059328516324362,0.7293073137601217,0.4044642547766368,0.7419535120328268,47
164.75,88.43,91.01,122.78,161.8,161.71,155.37,148.28,0.5622728864351908,0.4622209072113037,0.47211888432502747,0.4532490173975627,0.6330538590749105,0.47444747885068256,0.4147584040959676,0.4279324412345886,0.7112903793652853,0.46738670269648236,0.42360901832580566,0.40744736790657043,0.7344935933748881,0.4677679439385732,0.4254884918530782,0.4039044181505839,0.7380056977272034,0.46452923615773517,0.42819040020306903,0.40303205450375873,0.7279502948125204,0.4658171236515045,0.42844964067141217,0.404398113489151,0.5418053468068441,0.5684746702512106,0.49018452564875287,0.566803514957428,0.5589838822682699,0.6394466161727905,0.4582298199335734,0.642021656036377,0.5533928076426188,0.7093856334686279,0.4011087914307912,0.7077091336250305,0.5344810684521993,0.7227883338928223,0.3892464240392049,0.7126478552818298,0.6059671640396118,0.7294534842173258,0.40432117382685345,0.7418086330095927,48
164.6,99.66,89.91,124.45,162.21,161.02,155.91,148.58,0.56245489915212,0.46234163641929626,0.4726300835609436,0.4531810184319814,0.6323580543200175,0.4755635956923167,0.417570561170578,0.4263637363910675,0.7098610202471415,0.46941102544466656,0.43211567401885986,0.41619443893432617,0.732640266418457,0.4696521759033203,0.43473535776138306,0.4167480965455373,0.7363094290097555,0.4662195146083832,0.4411335289478302,0.4158470630645752,0.726373294989268,0.46733646591504413,0.44050243496894836,0.4168225924173991,0.5421210924784342,0.5683464407920837,0.4903734624385834,0.5665211081504822,0.5589303175608317,0.6395536661148071,0.4592715601126353,0.6419207453727722,0.5533755421638489,0.7096473773320516,0.40075621008872986,0.7076160113016764,0.5344462593396505,0.7231207291285197,0.3879399200280507,0.712456464767456,0.6060975591341654,0.7296669284502665,0.4040169318517049,0.7420931458473206,49
164.9,11.75,89.51,127.49,162.54,159.45,156.3,149.2,0.562671939531962,0.4623861312866211,0.47305100162823993,0.45303399364153546,0.6320032477378845,0.47632603844006854,0.41956937313079834,0.42429877320925397,0.7089299559593201,0.47064783175786334,0.4405224819978078,0.42320019006729126,0.7317821383476257,0.47096583247184753,0.44259411096572876,0.42575862010320026,0.7352850834528605,0.46769299109776813,0.4522120455900828,0.42501973112424213,0.7254392504692078,0.4686591426531474,0.4508894681930542,0.42583397030830383,0.5423360665639242,0.5681447188059489,0.4905347029368083,0.5661261081695557,0.5587892731030782,0.6396951675415039,0.46026715636253357,0.6417170365651449,0.5532293717066447,0.7099995811780294,0.4003383119901021,0.7075530489285787,0.5341527859369913,0.7235122521718343,0.38657621542612713,0.7123238444328308,0.6062155167261759,0.7300082445144653,0.4034113883972168,0.7428314884503683,50
163.74,18.65,89.13,129.06,162.83,158.08,156.29,150.39,0.562891960144043,0.4623340964317322,0.4732701579729716,0.4528517723083496,0.6323560873667399,0.4771259625752767,0.41999561587969464,0.4211071829001109,0.7086377938588461,0.4714368979136149,0.4498313367366791,0.4307910203933716,0.731847902139028,0.4718191822369893,0.45297829310099286,0.43695761760075885,0.7350077033042908,0.46860644221305847,0.46419544021288556,0.4358373284339905,0.7250436544418335,0.4695126712322235,0.46125683188438416,0.43642620245615643,0.5425979892412821,0.5679664810498556,0.49072229862213135,0.5657931168874105,0.5586536924044291,0.6397423148155212,0.461315393447876,0.6415420571962992,0.5530411005020142,0.7102287213007609,0.39969272414843243,0.7076443235079447,0.533803661664327,0.7238852580388387,0.38493289550145465,0.7125304539998373,0.6063336531321207,0.7302920619646708,0.40286896626154584,0.7436113158861796,51
162.51,8.95,87.93,132.04,163.14,157.16,156.96,150.41,0.5634676615397135,0.4625122646490733,0.4736842115720113,0.45270047585169476,0.6335563460985819,0.4782925645510356,0.42053261399269104,0.4183320601781209,0.7094733119010925,0.47202689448992413,0.4524218440055847,0.43157924214998883,0.7328966856002808,0.4724053045113881,0.45462743441263836,0.437298317750295,0.7357118725776672,0.46939467390378314,0.46575798590977985,0.4361457924048106,0.7257612546284994,0.47025033831596375,0.4615744451681773,0.4365498125553131,0.5429096817970276,0.5679081877072653,0.49109674493471783,0.5656006733576456,0.558567464351654,0.6397839983304342,0.4621112247308095,0.6412970026334127,0.5528443853060404,0.7104486227035522,0.3990523119767507,0.7077104250590006,0.5334667364756266,0.7241722345352173,0.38400526841481525,0.7126931150754293,0.6063465277353922,0.730616827805837,0.40251747767130536,0.7441121141115824,52
161.55,5.76,88.0,133.8,163.27,157.08,156.77,150.04,0.5635621150334676,0.4626268148422241,0.4732452730337779,0.45242853959401447,0.6343192458152771,0.47941110531489056,0.4211553732554118,0.4154902895291646,0.7104029456774393,0.47273194789886475,0.45807981491088867,0.4360766609509786,0.7340041995048523,0.47308515508969623,0.4620809455712636,0.44334520896275836,0.7365809082984924,0.4701201220353444,0.47184062997500104,0.4424152870972951,0.7265993555386862,0.4708956778049469,0.46712303161621094,0.4423416256904602,0.5434023936589559,0.5678154627482096,0.49150896072387695,0.565460741519928,0.558562179406484,0.6397584080696106,0.4625754654407501,0.6411325534184774,0.5527563095092773,0.7105531493822733,0.3985246817270915,0.7077229420344034,0.5333529313405355,0.7243444323539734,0.3834751546382904,0.7128001848856608,0.6063810785611471,0.7307356595993042,0.40249993403752643,0.7441968321800232,53
160.87,5.52,86.6,137.7,163.82,156.88,158.02,149.25,0.5639032522837321,0.4628376265366872,0.473188837369283,0.45216813683509827,0.6350539922714233,0.4807673394680023,0.42221107085545856,0.4141721526781718,0.7113001743952433,0.4733664294083913,0.46235657731692,0.43853698174158734,0.7351245085398356,0.4734019339084625,0.46605146924654645,0.4446767568588257,0.7374776601791382,0.4707309703032176,0.4752535621325175,0.44480299949645996,0.7274238268534342,0.47152815262476605,0.4714452823003133,0.44466662406921387,0.5440511504809061,0.5676921407381693,0.49217818180720013,0.5653053720792135,0.5585620005925497,0.6397494276364645,0.46285897493362427,0.6409547924995422,0.5526014765103658,0.7107799649238586,0.3981517453988393,0.7076917290687561,0.5333117246627808,0.7244970003763834,0.3831491470336914,0.7127737204233805,0.606401801109314,0.7310529947280884,0.4022665321826935,0.744392971197764,54
158.52,5.57,85.13,137.19,164.36,157.25,158.89,148.58,0.5640906890233358,0.46283799409866333,0.47295381625493366,0.4518525302410126,0.6350629727045695,0.4822995662689209,0.4235425591468811,0.41270260016123456,0.7117003401120504,0.4740949471791585,0.46478787064552307,0.4390215575695038,0.7356267174084982,0.47420482834180194,0.46983352303504944,0.4445369243621826,0.7378841638565063,0.47164177894592285,0.47630606094996136,0.4448491036891937,0.727724532286326,0.47226062417030334,0.47402652104695636,0.4448785185813904,0.5448715488115946,0.5675286253293356,0.4928357203801473,0.5650969545046488,0.5585733850797018,0.6397510170936584,0.46340885758399963,0.6408807237943014,0.5524979631106058,0.7109171748161316,0.3978332579135895,0.7076591849327087,0.5332908431688944,0.7246067523956299,0.3827484647432963,0.7127543687820435,0.6064191460609436,0.7312577962875366,0.4020489752292633,0.7444643179575602,55
156.28,6.4,83.48,140.18,164.95,156.11,159.66,148.64,0.5647458831469218,0.46302448709805805,0.47335051496823627,0.45138562719027203,0.6352267464001974,0.4838172992070516,0.4248854120572408,0.4122093121210734,0.7122594118118286,0.47477591037750244,0.46626633405685425,0.438979705174764,0.7362845142682394,0.4746943811575572,0.4701130489508311,0.44471468528111774,0.7384076515833536,0.47214648127555847,0.47916147112846375,0.4458976586659749,0.7282362381617228,0.4727142055829366,0.47463329633076984,0.44508419434229535,0.5456077853838602,0.5673505663871765,0.49372920393943787,0.5648678342501322,0.558603048324585,0.639794647693634,0.4641231695810954,0.640781839688619,0.552226702372233,0.7111733555793762,0.39742110172907513,0.7076651851336161,0.5331384142239889,0.7247741222381592,0.3820159435272217,0.712757408618927,0.6064032713572184,0.7315690318743387,0.40181755026181537,0.7446602384249369,56
155.81,6.2,83.26,140.04,164.86,155.81,159.76,148.32,0.5651537378629049,0.4631477693716685,0.47345701853434247,0.4509427348772685,0.6348907947540283,0.48500654101371765,0.426259050766627,0.41060203313827515,0.7127013007799784,0.4757479627927144,0.4676689604918162,0.438477486371994,0.7368367314338684,0.4758738875389099,0.4709636966387431,0.4447887639204661,0.7388261953989664,0.4731963872909546,0.48116055130958557,0.44644178946812946,0.7286779681841532,0.473611315091451,0.475375364224116,0.4451257785161336,0.5462252895037333,0.5671620567639669,0.49451778332392377,0.5646000504493713,0.5586398839950562,0.6398260792096456,0.46483973662058514,0.6406689286231995,0.5520552595456442,0.7112997968991598,0.39695947368939716,0.7076536814371744,0.5329777399698893,0.7248612840970358,0.38125957051912945,0.7126709222793579,0.6063991983731588,0.7317811648050944,0.4011334280172984,0.7448385755221049,57
155.32,7.14,81.97,142.84,165.31,155.89,160.55,147.61,0.5656777620315552,0.46346041560173035,0.4739956061045329,0.45067688822746277,0.6342616478602091,0.4856392741203308,0.42768731713294983,0.41008827090263367,0.7128372192382812,0.4765708347161611,0.4696847101052602,0.4387264947096507,0.7370844880739847,0.4766394992669423,0.47237688302993774,0.44439709186553955,0.7390294869740804,0.4739006857077281,0.48335616787274677,0.4472677210966746,0.7288524111111959,0.47432636221249896,0.47655749320983887,0.4448128044605255,0.5467416445414225,0.566980759302775,0.4953822096188863,0.564443310101827,0.5586727460225424,0.63986208041509,0.4651417136192322,0.6405834952990214,0.5516170461972555,0.7115460832913717,0.3965056339899699,0.7075331608454386,0.5324533979098002,0.725013792514801,0.38071049253145856,0.7121749321619669,0.6062493125597636,0.7320261200269064,0.3997197449207306,0.7451270421346029,58
155.33,7.44,82.08,142.77,165.08,156.15,160.7,147.15,0.565946082274119,0.46363165974617004,0.4749891459941864,0.4508165617783864,0.6327630281448364,0.48618141810099286,0.43085479736328125,0.4098503788312276,0.7122390667597452,0.4778326749801636,0.4689606527487437,0.43729695677757263,0.7365006407101949,0.4782296617825826,0.4715541998545329,0.441812405983607,0.7385252714157104,0.475485235452652,0.48062379161516827,0.44439736008644104,0.7282150387763977,0.4757627646128337,0.47601597507794696,0.442306121190389,0.5472710927327474,0.5668933590253195,0.49628069003423053,0.5643575588862101,0.5586903293927511,0.639873723189036,0.46533530950546265,0.6405125657717387,0.5512259801228842,0.7117434541384379,0.3960453470547994,0.7073760032653809,0.53204345703125,0.7251188556353251,0.3799917697906494,0.711651881535848,0.6059682965278625,0.7322187423706055,0.39803067843119305,0.7454063296318054,59
155.36,6.5,80.71,144.95,165.16,156.24,161.32,147.04,0.566480298837026,0.4638766944408417,0.47761855522791546,0.4511808355649312,0.6310569643974304,0.48668933908144635,0.4373636245727539,0.41271015008290607,0.7107998728752136,0.47945712010065716,0.46324193477630615,0.43023770054181415,0.7351809740066528,0.4800386130809784,0.46063584089279175,0.43144679069519043,0.7372593681017557,0.4774519006411235,0.4675843119621277,0.43398715058962506,0.7266380985577902,0.47756484150886536,0.4662718077500661,0.433037926753362,0.5477406779925028,0.566855788230896,0.4973253309726715,0.5643335183461508,0.5586954752604166,0.6399558385213217,0.4655187626679738,0.6404666304588318,0.5506137013435364,0.7120244304339091,0.3955267866452535,0.7072327534357706,0.5313657522201538,0.7252886096636454,0.37895920872688293,0.7111478249231974,0.6055198907852173,0.732353409131368,0.3968741198380788,0.7456920742988586,60
155.31,53.46,79.69,143.25,165.01,156.58,161.48,148.17,0.5667274594306946,0.463874489068985,0.4798933168252309,0.4513908326625824,0.6294364730517069,0.4872952302296956,0.44276419281959534,0.4146553874015808,0.7088773647944132,0.480975220600764,0.45767752329508465,0.4243712325890859,0.7336826324462891,0.482289324204127,0.450918306907018,0.4240242640177409,0.735797663529714,0.4797317683696747,0.4555104275544484,0.42597493529319763,0.7246602177619934,0.47955013314882916,0.4575287302335103,0.426385502020518,0.5483817458152771,0.5668556690216064,0.49843645095825195,0.5642922123273214,0.5586706201235453,0.6400372385978699,0.4660282035668691,0.6403194069862366,0.5502657492955526,0.7121755282084147,0.3949923316637675,0.7071533203125,0.5310580929120382,0.7253509362538656,0.3777845501899719,0.7109830975532532,0.605202297369639,0.7324740091959635,0.39663661519686383,0.7458227078119913,61
154.22,14.55,78.42,143.86,165.89,156.21,162.9,147.56,0.5666307806968689,0.4639063974221547,0.4816894431908925,0.45184500018755597,0.6275387207667033,0.4876464207967122,0.44741037487983704,0.4166613121827443,0.7063180804252625,0.4822428325812022,0.452379435300827,0.41886618733406067,0.7315076390902201,0.48409509658813477,0.4426363905270894,0.41704373558362323,0.7334099014600118,0.48158284028371173,0.4450232485930125,0.41852448383967084,0.7220571835835775,0.4811812142531077,0.44904622435569763,0.41978368163108826,0.5489391684532166,0.5668633580207825,0.49958373109499615,0.5642977555592855,0.5586524605751038,0.640147070089976,0.46645533045132953,0.6402405699094137,0.5498841206232706,0.7124298810958862,0.3943931758403778,0.7069969773292542,0.5304636756579081,0.7254873514175415,0.3768501281738281,0.710680882136027,0.60503621896108,0.7325765093167623,0.39650575319925946,0.745872437953949,62
154.8,1.49,77.23,147.28,165.7,156.35,163.73,146.45,0.5662652850151062,0.4637748897075653,0.48182567954063416,0.4521907965342204,0.6256896058718363,0.48793232440948486,0.448870321114858,0.4160224696000417,0.7034836610158285,0.48316194613774616,0.4526858429114024,0.41947540640830994,0.7293480038642883,0.48559512694676715,0.4454410870869954,0.419632226228714,0.7310516635576884,0.48300450046857196,0.44824949900309247,0.4208081364631653,0.7192974289258321,0.48245909810066223,0.45121772090593976,0.4216761489709218,0.5493855277697245,0.5668697357177734,0.5005412598450979,0.5643032391866049,0.558639665444692,0.6401729583740234,0.46692734956741333,0.6401628653208414,0.5494779348373413,0.7125783363978068,0.3938339650630951,0.7068232496579488,0.5298940936724345,0.7255271077156067,0.3761322597662608,0.7104472716649374,0.6049342751502991,0.7327037851015726,0.39638349413871765,0.7458506425221761,63
154.05,14.23,75.82,150.43,165.19,156.22,163.89,145.87,0.5658934116363525,0.4636833568414052,0.4828442533810933,0.452742596467336,0.6235588590304056,0.48812559247016907,0.451919823884964,0.41578105092048645,0.700585941473643,0.484166423479716,0.4529246687889099,0.41827138264973956,0.7263331214586893,0.48685377836227417,0.4473470350106557,0.4197706381479899,0.7278171976407369,0.484312504529953,0.45197081565856934,0.42031694451967877,0.716005543867747,0.48366772135098773,0.4533129334449768,0.42139432827631634,0.5495044589042664,0.5669224659601847,0.501471996307373,0.5643656253814697,0.5586546262105306,0.6401984294255575,0.46753644943237305,0.6401458382606506,0.5490232110023499,0.7127302487691244,0.39333892862002057,0.7066239714622498,0.5291663408279419,0.7255750099817911,0.37563783923784894,0.7102861603101095,0.6048116485277811,0.7328477700551351,0.3959454397360484,0.7458574175834656,64
153.39,95.43,75.06,150.98,165.07,155.38,163.96,146.89,0.5656445225079855,0.46352346738179523,0.48393136262893677,0.4529910186926524,0.6226088007291158,0.4887523353099823,0.45679013927777606,0.41605491439501446,0.6985243757565817,0.48518911997477215,0.45248933633168537,0.41586048404375714,0.7243847052256266,0.48824716607729596,0.4454799294471741,0.41782864928245544,0.7256669998168945,0.4856090346972148,0.44985221823056537,0.4183657666047414,0.713438073794047,0.48477157950401306,0.45186270276705426,0.4193946123123169,0.5495465199152628,0.5670407811800638,0.502632757027944,0.564426839351654,0.5586616198221842,0.6401930650075277,0.468153973420461,0.6400887568791708,0.5486191709836324,0.7127246658007304,0.39291250705718994,0.7064853310585022,0.5287570357322693,0.7255433003107706,0.3750642438729604,0.710277795791626,0.6045448780059814,0.7329721649487814,0.3954979081948598,0.745856781800588,65
152.84,140.82,73.98,159.0,164.79,156.18,164.32,145.17,0.5652256011962891,0.4634581406911214,0.48486290375391644,0.4530206024646759,0.621620754400889,0.4894198179244995,0.4596196909745534,0.4150339861710866,0.6973662177721659,0.48592180013656616,0.4520188768704732,0.41439110040664673,0.7228439847628275,0.4890174667040507,0.4437779982884725,0.41612885395685834,0.7238744894663492,0.4862942695617676,0.4475542704264323,0.4165829022725423,0.7117549180984497,0.4854550063610077,0.450446089108785,0.4176798363526662,0.5495561957359314,0.5670947035153707,0.5036739309628805,0.5644871195157369,0.5586667656898499,0.640115479628245,0.4687238136927287,0.6400271058082581,0.5482696692148844,0.7128044565518697,0.3924984236558278,0.7063338955243429,0.5283491015434265,0.7256181041399637,0.3743780056635539,0.7101037700970968,0.6043022076288859,0.7330416043599447,0.395177960395813,0.7458164890607198,66
151.69,110.64,72.6,158.38,164.39,155.99,164.59,144.73,0.5643300215403239,0.4632933437824249,0.4853066106637319,0.452939639488856,0.6191791494687399,0.49034590522448224,0.4627159734567006,0.41329727570215863,0.6964606444040934,0.48718448479970294,0.45111329356829327,0.4126315116882324,0.7221115032831827,0.49053364992141724,0.4408058524131775,0.4143294294675191,0.723195473353068,0.4872964223225911,0.44302308559417725,0.41513383388519287,0.7111166715621948,0.4863203863302867,0.4475371241569519,0.4157802959283193,0.5495714346567789,0.5670570135116577,0.5045896967252096,0.5644875764846802,0.5586863160133362,0.6400185028711954,0.46883927782376605,0.6400250593821207,0.547849178314209,0.7129085858662924,0.3920854131380717,0.7062348326047262,0.5280090769131979,0.7257206042607626,0.37354350090026855,0.7098514238993326,0.6040905714035034,0.7331038514773051,0.3948312997817993,0.7458393971125284,67
149.52,112.74,68.8,162.84,164.09,156.16,165.45,144.71,0.5626258254051208,0.4631840189297994,0.48661096890767414,0.4528998037179311,0.6157415906588236,0.49110721548398334,0.46330029765764874,0.4100784162680308,0.6954388419787089,0.48815040787061054,0.45066643754641217,0.41199302673339844,0.7208916743596395,0.491718590259552,0.44038816293080646,0.41405661900838214,0.7221732338269552,0.48797185222307843,0.44203220804532367,0.4149806996186574,0.7105470498402914,0.4869297643502553,0.4466119011243184,0.41553520162900287,0.5494605501492819,0.566916306813558,0.5054285923639933,0.5644593834877014,0.5587254961331686,0.6398972471555074,0.4687192539374034,0.6400663455327352,0.5474326014518738,0.7130100131034851,0.3917678693930308,0.7060936689376831,0.5274703105290731,0.7258236408233643,0.37287654479344684,0.7093267242113749,0.6036031246185303,0.7331552902857462,0.39455772439638775,0.7459286252657572,68
149.1,106.16,67.0,161.67,163.48,157.42,166.57,144.17,0.5611369013786316,0.46327245235443115,0.4890564481417338,0.4529990752538045,0.6127221783002218,0.4922448396682739,0.46736737092336017,0.40792904297510785,0.694279412428538,0.48978771766026813,0.4501798252264659,0.40996358791987103,0.7194210688273112,0.49376289049784344,0.4392402569452922,0.4126930236816406,0.7210379441579183,0.4895420769850413,0.4400217334429423,0.41400594512621564,0.709543764591217,0.48824265599250793,0.444831649462382,0.41414106885592145,0.5492863059043884,0.5668652455012003,0.5063000122706095,0.5644630789756775,0.5587837298711141,0.6398238937060038,0.4683934251467387,0.6401889125506083,0.5471198558807373,0.7130393385887146,0.3915621141592662,0.7059815327326456,0.5270514686902364,0.725860595703125,0.3724646071592967,0.7089661161104838,0.6029184858004252,0.7331883311271667,0.39428389072418213,0.746061106522878,69
148.24,107.77,65.81,164.71,163.03,157.89,166.17,144.99,0.560194730758667,0.4636240303516388,0.49197858572006226,0.45310917496681213,0.611784835656484,0.4933733244736989,0.4716450572013855,0.4068099558353424,0.6936146020889282,0.4911173681418101,0.45011701186498004,0.40917448202768963,0.7182875275611877,0.4949008623758952,0.439072181781133,0.41208670536677044,0.7199241916338602,0.49060381452242535,0.4398984412352244,0.41358256340026855,0.7087347308794657,0.4894123375415802,0.4444291591644287,0.4136090775330861,0.5490351915359497,0.5668828288714091,0.5073437492052714,0.5645118951797485,0.5588226914405823,0.6397543152173361,0.4683259626229604,0.6401256918907166,0.5468456745147705,0.7130571405092875,0.3911333580811818,0.705786387125651,0.526720662911733,0.7258850733439127,0.3715541660785675,0.7085774540901184,0.6022104422251383,0.7332117160161337,0.39427468180656433,0.7460774580637614,70
148.02,106.55,65.79,166.11,162.71,157.72,165.81,145.4,0.5603073239326477,0.4639841417471568,0.49349474906921387,0.45281898975372314,0.6110250353813171,0.49531023701032,0.4753836890061696,0.4060741166273753,0.6929455002148946,0.4936053653558095,0.4509507715702057,0.4084506829579671,0.717186172803243,0.4973424474398295,0.4391235113143921,0.41140180826187134,0.719181756178538,0.4929071366786957,0.44025100270907086,0.4132229785124461,0.70781010389328,0.49170829852422077,0.444593886534373,0.4130653142929077,0.5488143563270569,0.5668462713559469,0.5078520576159159,0.5644797682762146,0.5588415662447611,0.6396162509918213,0.46841811140378314,0.6399637659390768,0.546579380830129,0.7130712270736694,0.39044644435246784,0.705663243929545,0.5265584588050842,0.7259098490079244,0.3703259627024333,0.7084497213363647,0.6018092632293701,0.7332265774408976,0.39439094066619873,0.7459110617637634,71
145.05,102.43,62.42,167.66,162.3,157.49,165.36,144.87,0.5605412125587463,0.46470968921979267,0.4941224654515584,0.4525473713874817,0.6106221874554952,0.4973176916440328,0.4770620862642924,0.4057055314381917,0.6923388838768005,0.49617524941762287,0.45159782965977985,0.40835432211558026,0.7161534229914347,0.4997350474198659,0.4388904273509979,0.41108612219492596,0.7186053991317749,0.49534929792086285,0.4405975043773651,0.4132811526457469,0.7071400682131449,0.49421607454617816,0.44491369525591534,0.4131287435690562,0.5486153562863668,0.5667785406112671,0.5082798997561137,0.5644119183222452,0.5588489373524984,0.6394942005475363,0.4686612089474996,0.6396638552347819,0.5462968150774637,0.713121255238851,0.38981669147809345,0.7052597006162008,0.52639768520991,0.7259635527928671,0.36908931533495587,0.7079195380210876,0.6017410357793173,0.7332535187403361,0.3944755693276723,0.7457324266433716,72
145.31,103.11,62.57,167.82,161.94,157.36,164.8,144.79,0.5607328613599142,0.4653606911500295,0.494344562292099,0.4521438976128896,0.6091034809748331,0.4992479582627614,0.47729912400245667,0.40516417225201923,0.6906433900197347,0.4997457762559255,0.4522753655910492,0.4082394043604533,0.7139774560928345,0.5035155812899271,0.438757985830307,0.4109727342923482,0.7164823214213053,0.4992728034655253,0.4408660630385081,0.41337935129801434,0.7052730917930603,0.49801047643025714,0.4450497130552928,0.41321470340092975,0.5483618378639221,0.5666709542274475,0.5085391998291016,0.5642434159914652,0.5588536262512207,0.639366606871287,0.4686525861422221,0.6394116282463074,0.5459152062733968,0.7131427327791849,0.3893556396166484,0.7049055894215902,0.5260463754336039,0.7259746193885803,0.3683268427848816,0.7073969841003418,0.6016111572583517,0.7332555850346884,0.3944544792175293,0.7454396486282349,73
145.63,103.26,60.82,166.34,161.29,157.67,164.32,144.83,0.5608676473299662,0.4659917155901591,0.4952763120333354,0.4518943428993225,0.6077542304992676,0.5006897250811259,0.4792606035868327,0.404900461435318,0.6881295442581177,0.5032293796539307,0.452331006526947,0.4078903794288635,0.7107881307601929,0.5070145527521769,0.43869919578234357,0.4108581244945526,0.7132372856140137,0.5031082133452097,0.4410531719525655,0.41327505310376483,0.7027261654535929,0.5019238591194153,0.44518354535102844,0.4131421744823456,0.5481504599253336,0.5666486620903015,0.5090244809786478,0.564149796962738,0.5588024457295736,0.6393248836199442,0.4686761796474457,0.6391925811767578,0.5456279714902242,0.7131500045458475,0.3890588581562042,0.7044657866160074,0.5257284045219421,0.7259419560432434,0.3676252563794454,0.7066941857337952,0.6015330950419108,0.7332335909207662,0.3944350679715474,0.7451785008112589,74
144.94,100.84,58.62,170.4,161.4,157.81,164.27,144.64,0.5608569184939066,0.46617329120635986,0.49784398078918457,0.45156171917915344,0.6052341858545939,0.5018738110860189,0.4840898811817169,0.4047367076079051,0.6850915551185608,0.5063108801841736,0.4530804653962453,0.40768228967984516,0.707630475362142,0.510342558224996,0.4393905798594157,0.41079960266749066,0.7096803983052572,0.5064686139424642,0.44142157832781476,0.41295111179351807,0.6999331911404928,0.5051704049110413,0.44567784667015076,0.412797083457311,0.5476227005322775,0.5666316747665405,0.5098713636398315,0.5640593767166138,0.5587365627288818,0.6392727692921957,0.4685957431793213,0.6390275756518046,0.5451603929201762,0.7131225864092509,0.38853179415067035,0.7043100396792094,0.5252741773923238,0.7258775035540262,0.3668301999568939,0.7064131100972494,0.6013416449228922,0.7331962585449219,0.3945275644461314,0.7445643742879232,75
142.44,97.89,56.52,172.68,159.97,158.61,162.8,145.72,0.5606311758359274,0.4664614498615265,0.499667227268219,0.451744019985199,0.6007530093193054,0.5025524099667867,0.4874309500058492,0.40469805399576825,0.68156365553538,0.5077528556187948,0.45395814379056293,0.40747952461242676,0.7034609913825989,0.5117746392885844,0.44036709268887836,0.4106745521227519,0.7056207656860352,0.5080605347951254,0.4416323701540629,0.41258058945337933,0.6967816352844238,0.5068326989809672,0.4461453358332316,0.4125816722710927,0.5469895402590433,0.5667854150136312,0.5107459823290507,0.5643102725346884,0.5584445198376974,0.6392343044281006,0.4685322145620982,0.6389562090237936,0.5448996822039286,0.713104784488678,0.38786327838897705,0.7041943868001302,0.5250149567921957,0.7258370121320089,0.3658908208211263,0.7061605652173361,0.6012793978055319,0.7331587274869283,0.39460915327072144,0.7440709074338278,76
137.12,100.54,51.53,170.11,160.51,158.94,162.74,144.32,0.5600668986638387,0.4665422737598419,0.5017916162808737,0.4522273937861125,0.5964205662409464,0.5032750169436137,0.49059468507766724,0.4047047297159831,0.678912083307902,0.508686900138855,0.4548538625240326,0.4073919355869293,0.7006489038467407,0.5129681626955668,0.4412456750869751,0.41055280963579815,0.702958325544993,0.5093506574630737,0.44168060024579364,0.4124365746974945,0.6946220795313517,0.5080717007319132,0.4465189576148987,0.41239062945048016,0.5463193655014038,0.5669225653012594,0.5119489034016927,0.5645554463068644,0.5582085649172465,0.6391654014587402,0.4677732586860657,0.6389872630437216,0.5446162223815918,0.713103175163269,0.387247771024704,0.7041806777318319,0.5247413516044617,0.7258326808611552,0.36527909835179645,0.7061134576797485,0.6012823581695557,0.7331808010737101,0.3944911261399587,0.7436678210894266,77
135.39,98.33,49.03,172.99,160.24,161.47,163.02,142.42,0.5592708388964335,0.46646227439244586,0.5022769371668497,0.45289742946624756,0.5919948220252991,0.5035766363143921,0.4908079306284587,0.4053739309310913,0.6767180760701498,0.5092256466547648,0.4554687937100728,0.40739073355992633,0.6976626515388489,0.5137472947438558,0.4417151113351186,0.41041142741839093,0.7002221345901489,0.5103272000948588,0.44179203112920123,0.41233030954996747,0.6924777825673422,0.5090129772822062,0.4469628930091858,0.4123137891292572,0.5456561843554179,0.5670918822288513,0.5132047335306803,0.5648433566093445,0.5577866832415262,0.6391168236732483,0.46702197194099426,0.6390570600827535,0.5444853107134501,0.7131024797757467,0.386777400970459,0.7040882309277853,0.5246120691299438,0.7258398532867432,0.3646605312824249,0.7059184312820435,0.6012694835662842,0.7332072059313456,0.39427000284194946,0.7435171802838644,78
133.12,101.88,46.75,172.95,160.0,162.28,162.44,140.91,0.5584476987520853,0.4659586350123088,0.5035160779953003,0.45312608281771344,0.5903714895248413,0.5046325127283732,0.4939865668614705,0.4049761990706126,0.6756739219029745,0.5105427106221517,0.45612292488416034,0.406896044810613,0.6962015827496847,0.5153350631395975,0.4417782425880432,0.4101581871509552,0.6990696986516317,0.5119622151056925,0.441874494155248,0.4122571051120758,0.6914080778757731,0.5105336904525757,0.44737233718236286,0.412060687939326,0.5449980696042379,0.5671191612879435,0.5146426359812418,0.5648917357126871,0.5572724143664042,0.6391167243321737,0.4659055372079213,0.6391572753588358,0.544208029905955,0.7130913933118185,0.38626471161842346,0.7040190498034159,0.5243918498357137,0.7257958054542542,0.364101380109787,0.7057960033416748,0.6008316874504089,0.733231246471405,0.3940285046895345,0.7432934045791626,79
131.99,94.85,45.56,177.44,160.69,163.52,162.79,139.81,0.5572369694709778,0.4655842383702596,0.5044261813163757,0.4533556004365285,0.587179938952128,0.5051940480868021,0.4965028365453084,0.40449171264966327,0.6734461386998495,0.5115241209665934,0.45735641320546466,0.40629130601882935,0.6929983496665955,0.5162188410758972,0.44215430816014606,0.4097835620244344,0.6966665784517924,0.5129023194313049,0.4421744445959727,0.41204360127449036,0.6890910863876343,0.5114637811978658,0.44811614354451496,0.4117399255434672,0.5437205831209818,0.5671457052230835,0.5155683755874634,0.5649376114209493,0.5565675894419352,0.6390681266784668,0.4653298854827881,0.6392412384351095,0.5438819328943888,0.713080902894338,0.38574710488319397,0.7039612531661987,0.5241032044092814,0.7257578174273173,0.36337631940841675,0.7056798338890076,0.6003542939821879,0.733240564664205,0.3939453860123952,0.7431972821553549,80
128.71,93.37,41.67,178.89,159.75,163.73,161.64,139.99,0.5561165809631348,0.4649089276790619,0.5064512292544047,0.45265329877535504,0.5845893422762553,0.5060117046038309,0.5012030899524689,0.4018687307834625,0.6710532704989115,0.5127524137496948,0.45828133821487427,0.40550925334294635,0.6898755629857382,0.5172220865885416,0.4424288769563039,0.40943382183710736,0.6943044861157736,0.5138367811838785,0.44237151741981506,0.4118734300136566,0.6867451071739197,0.5125563144683838,0.4484979311625163,0.4114995201428731,0.5427104234695435,0.5671425859133402,0.5160207947095236,0.5648181637128195,0.5559431910514832,0.6389224529266357,0.4648010532061259,0.6392996907234192,0.5436981320381165,0.7130031784375509,0.3853122095266978,0.7039510806401571,0.5239961942036947,0.7256718277931213,0.36276373267173767,0.7055369814236959,0.5995466113090515,0.7332341074943542,0.3938573896884918,0.7430815498034159,81
126.71,85.54,39.24,179.51,160.06,163.66,161.82,142.0,0.5533904433250427,0.46415142218271893,0.5099510550498962,0.45202282071113586,0.5800790190696716,0.505056361357371,0.5057876209417979,0.4001178940137227,0.6674619714419047,0.5135406851768494,0.459741473197937,0.40493859847386676,0.6853078603744507,0.517625073591868,0.4430585602919261,0.40909786025683087,0.687526007493337,0.5170831282933553,0.44292543331782025,0.4117560088634491,0.6834994951883951,0.5131557186444601,0.44954847296079,0.41131654381752014,0.5412251154581705,0.5672301451365153,0.5164434512456259,0.5647193590799967,0.5553484559059143,0.6387339035669962,0.4644186993439992,0.6394175489743551,0.5437159736951193,0.7128616174062093,0.38516418139139813,0.7038476268450419,0.5240590373675028,0.7255781094233195,0.3622758189837138,0.7053816517194113,0.5990742047627767,0.7331989606221517,0.39380494753519696,0.7430806358655294,82
130.58,87.46,38.7,176.71,159.91,164.5,162.81,143.53,0.5514780481656393,0.46335359414418537,0.5132096807161967,0.45107601086298627,0.5780636866887411,0.5040605862935384,0.5118300517400106,0.3980543116728465,0.6650644739468893,0.5146126945813497,0.461512158314387,0.4043489098548889,0.6827010909716288,0.5185683568318685,0.4440421760082245,0.4087438682715098,0.6833429137865702,0.5191278656323751,0.44379722078641254,0.41145840287208557,0.6811810731887817,0.5141132275263468,0.45100319385528564,0.4109983543554942,0.540507177511851,0.5673223932584127,0.5167486468950907,0.5645960172017416,0.5549194614092509,0.6383708516756693,0.4641368289788564,0.6394400397936503,0.5438063939412435,0.7126879493395487,0.3851155738035838,0.7037344773610433,0.5242278973261515,0.7254790266354879,0.36196332176526386,0.7052028377850851,0.5986762642860413,0.7331299583117167,0.39368709921836853,0.7429502805074056,83
132.94,80.14,39.64,176.38,160.11,164.55,162.89,143.8,0.5492602785428365,0.46287381649017334,0.5153969724973043,0.45068233211835224,0.5690864324569702,0.5043737490971884,0.5174096822738647,0.3973560730616252,0.6285639405250549,0.5252676208813986,0.4636909067630768,0.4031075934569041,0.6470855275789896,0.5307922760645548,0.4451742470264435,0.4076644281546275,0.6477852066357931,0.5327228506406149,0.44485846161842346,0.4106495976448059,0.6476946671803793,0.526465912659963,0.4527381757895152,0.4101554950078328,0.5395422180493673,0.5674552917480469,0.5170284112294515,0.5646259586016337,0.5541678071022034,0.6381061871846517,0.4638012150923411,0.6394499937693278,0.5438785950342814,0.7125359177589417,0.38508885105450946,0.7036316593488058,0.5243251522382101,0.7254079580307007,0.3615688582261403,0.705180843671163,0.5982947746912638,0.7329212427139282,0.3937997917334239,0.7427678108215332,84
178.61,77.51,12.97,171.48,161.28,164.81,163.29,143.92,0.5490080714225769,0.46186305085817975,0.5173543492952982,0.45036601026852924,0.5723519126574198,0.49704352021217346,0.523494303226471,0.3966476619243622,0.6124742229779562,0.5353100299835205,0.4652637243270874,0.4015204608440399,0.628649373849233,0.5375326673189799,0.446198970079422,0.4061017632484436,0.6288914283116659,0.5364279747009277,0.445796142021815,0.4093462924162547,0.6328863104184469,0.5373756885528564,0.45404986540476483,0.4089142481486003,0.5389153162638346,0.5677333871523539,0.5169739921887716,0.5650633176167806,0.5534355044364929,0.6378833850224813,0.4633206327756246,0.6395080288251241,0.5439264973004659,0.712381104628245,0.3849894106388092,0.7036661505699158,0.5243622064590454,0.7253080606460571,0.3612467845280965,0.705756425857544,0.5977097948392233,0.7326240936915079,0.39391104380289715,0.742827574412028,85
144.9,78.17,66.31,173.17,161.71,165.94,162.41,145.48,0.5476182897885641,0.4603312412897746,0.5190695921579996,0.4501492778460185,0.5612191557884216,0.4949358304341634,0.526973028977712,0.39628689487775165,0.5732518434524536,0.5475885073343912,0.46592875321706134,0.4001157879829407,0.5835466186205546,0.554522434870402,0.4466654757658641,0.4048525889714559,0.5855840047200521,0.5509375135103861,0.4462602138519287,0.40831910570462543,0.5895364880561829,0.5546372930208842,0.45461588104565936,0.4079732596874237,0.5379064083099365,0.5680213967959086,0.5170101920763651,0.5655292073885599,0.5525485475858053,0.6378272573153178,0.46282894412676495,0.639613668123881,0.5439738233884176,0.7121289173762003,0.38481061657269794,0.7037360469500223,0.5243403712908427,0.72510826587677,0.36095187067985535,0.7064543763796488,0.5968399445215861,0.7323291897773743,0.394187331199646,0.7430911064147949,86
175.38,78.44,1.61,173.36,161.72,166.03,163.28,145.11,0.546815017859141,0.45823487639427185,0.5208022197087606,0.45009252429008484,0.558211068312327,0.4647664626439412,0.5312629143397013,0.3959095974763234,0.5488534172375997,0.504994402329127,0.46679670612017315,0.3987815777460734,0.5451510945955912,0.5094215174516042,0.4477516810099284,0.40366145968437195,0.5447636842727661,0.5057836671670278,0.44693296154340106,0.40700235962867737,0.5519761542479197,0.5114324589570364,0.45505718390146893,0.4067551592985789,0.5372843742370605,0.5683321555455526,0.5170678098996481,0.5659895141919454,0.5520627299944559,0.637768010298411,0.4623490472634633,0.6397275726000468,0.5440021554629008,0.7119100689888,0.3843078017234802,0.7038657466570536,0.5243333776791891,0.7249279419581095,0.36039869983990985,0.7071408828099569,0.5963143308957418,0.7321740388870239,0.39419113596280414,0.7435420155525208,87
89.69,72.99,174.72,166.36,161.91,166.0,163.4,145.21,0.5449335773785909,0.4570576747258504,0.5236377914746603,0.4499381482601166,0.5541353821754456,0.449109415213267,0.5346461534500122,0.3952680130799611,0.5384517510732015,0.4879765510559082,0.46788500746091205,0.3978307644526164,0.5297807455062866,0.49861324826876324,0.44905249277750653,0.4030533929665883,0.5334163308143616,0.4976191023985545,0.44788050651550293,0.4061592022577922,0.5349219739437103,0.49765997131665546,0.45571736494700116,0.4058715303738912,0.5364902019500732,0.5683981577555338,0.5171098311742147,0.5660115281740824,0.551727831363678,0.6376404960950216,0.462162325779597,0.6397384206453959,0.5438392559687296,0.7116554379463196,0.38379059235254925,0.7040292421976725,0.5240764220555624,0.7247663338979086,0.3599037528038025,0.7073678374290466,0.5959428747495016,0.7320694327354431,0.3942069411277771,0.7438481450080872,88
63.5,77.81,131.06,175.85,160.89,166.14,163.08,149.23,0.5443492333094279,0.45542092124621075,0.5281336903572083,0.4499039053916931,0.5553367932637533,0.4199335773785909,0.5396935145060221,0.3943403859933217,0.518030842145284,0.4406140247980754,0.4688795606295268,0.39661967754364014,0.5024676819642385,0.4462091525395711,0.450297216574351,0.4022156298160553,0.5042606592178345,0.4488396445910136,0.44893168409665424,0.4052613874276479,0.5087227324644724,0.4473175009091695,0.4564380745093028,0.40479618310928345,0.5359599788983663,0.5683014591534933,0.517205814520518,0.5659141143163046,0.5515108903249105,0.6373989979426066,0.4616577923297882,0.6397725343704224,0.5436886151631674,0.711523155371348,0.3833257754643758,0.704339603583018,0.5238513350486755,0.7247255245844523,0.35942022999127704,0.7075988252957662,0.5958375136057535,0.7319799661636353,0.3941726287206014,0.7438615759213766,89
84.04,78.38,179.84,178.6,161.08,167.18,162.73,150.85,0.5437595248222351,0.45459723472595215,0.5319123466809591,0.4499126672744751,0.5536503394444784,0.42190758387247723,0.5440841515858968,0.39366742968559265,0.5184380908807119,0.4436635871728261,0.4714708129564921,0.39574862519900006,0.5035590728123983,0.44649802645047504,0.45271800955136615,0.401372363169988,0.5052597920099894,0.4489688078562419,0.45150406161944073,0.40461840232213336,0.5093136926492056,0.44737696647644043,0.4589162568251292,0.40398356318473816,0.5354169408480326,0.5681335926055908,0.5173246463139852,0.5656938155492147,0.5510154565175375,0.6371630628903707,0.4612228572368622,0.6398060123125712,0.5435596505800883,0.7113991181055704,0.3831867476304372,0.7046119570732117,0.523557444413503,0.724704921245575,0.3593033154805501,0.7078352570533752,0.5958009958267212,0.7318988045056661,0.3941981891791026,0.7438471515973409,90
92.36,72.37,168.64,170.59,162.62,167.17,163.4,150.1,0.5446799000104269,0.453834464152654,0.5323199431101481,0.4499022463957469,0.543978770573934,0.42194754878679913,0.5472157994906107,0.39341050386428833,0.49160582820574444,0.42872440814971924,0.474074920018514,0.39470110336939496,0.47416600584983826,0.4290006458759308,0.45518900950749713,0.40025418996810913,0.47252267599105835,0.4302756190299988,0.4540346960226695,0.4037260909875234,0.4788176814715068,0.42966564496358234,0.4613466163476308,0.402965913216273,0.5354088544845581,0.5679611563682556,0.5174479484558105,0.5653260946273804,0.5503943562507629,0.6369575262069702,0.4608452419439952,0.6398040850957235,0.5435921351114908,0.7113889455795288,0.38314035534858704,0.7049944798151652,0.5234971642494202,0.7247518499692281,0.3591902057329814,0.708240290482839,0.5958561499913534,0.7318872213363647,0.39414748549461365,0.7437188625335693,91
75.34,72.06,169.84,168.64,163.87,167.33,163.18,149.37,0.544086217880249,0.45415321985880536,0.532224436601003,0.44984670480092365,0.5409353971481323,0.42452290654182434,0.5504191120465597,0.3936537603537242,0.4912820557753245,0.4303237199783325,0.4788496792316437,0.39363319675127667,0.47656525174776715,0.4292732576529185,0.45936016241709393,0.3986117442448934,0.473004549741745,0.42957019805908203,0.45789967974026996,0.4021935959657033,0.48047258456548053,0.4296611150105794,0.46522757411003113,0.4015773932139079,0.5352563858032227,0.567784309387207,0.5176966786384583,0.5649947921435038,0.5496631264686584,0.6369639237721761,0.4608214795589447,0.6397593220074972,0.5433268149693807,0.7113464872042338,0.3830905854701996,0.7052433093388876,0.5232734282811483,0.7247708042462667,0.3591299156347911,0.7086655298868815,0.5958994825681051,0.7318297028541565,0.39423125982284546,0.7436453898747762,92
97.25,71.85,170.38,168.52,163.6,167.61,164.8,150.32,0.5435395439465841,0.4541228810946147,0.5335677663485209,0.4496848980585734,0.5409191449483236,0.4208055337270101,0.5536386370658875,0.39363211393356323,0.49155213435490924,0.4239042599995931,0.4814971884091695,0.39265747865041095,0.4770152469476064,0.42512187361717224,0.4618751605351766,0.3971054156621297,0.47323503096898395,0.4270147482554118,0.46012728412946063,0.4007796148459117,0.48061978816986084,0.4272039433320363,0.4673486153284709,0.4003813366095225,0.5350155035654703,0.5675929188728333,0.5180853406588236,0.564720869064331,0.5488910873730978,0.6369849046071371,0.46074825525283813,0.6397151350975037,0.5430165727933248,0.7112495501836141,0.383017639319102,0.7054949601491293,0.523085335890452,0.7247133652369181,0.3591342667738597,0.7090802192687988,0.5959223906199137,0.7317573428153992,0.3943122128645579,0.7432148456573486,93
97.11,69.33,173.05,166.77,165.03,167.97,165.21,151.1,0.5430090228716532,0.45378032326698303,0.5362528562545776,0.44927850365638733,0.5405793984731039,0.41363616784413654,0.5589052438735962,0.3936343590418498,0.4878266950448354,0.4088878234227498,0.4851156671841939,0.391769419113795,0.47126970688501996,0.4090486764907837,0.4649728735287984,0.39521021644274396,0.4671838581562042,0.41258907318115234,0.46271054943402606,0.3990168074766795,0.47509976228078205,0.4126075903574626,0.46989256143569946,0.3990977605183919,0.5347816348075867,0.5672861536343893,0.5186378955841064,0.5644657810529073,0.5482211510340372,0.6370145082473755,0.46063339710235596,0.6397183140118917,0.54267285267512,0.7111519972483317,0.38290231426556903,0.7056380112965902,0.522763172785441,0.7246537605921427,0.3589981496334076,0.7092128396034241,0.5959403912226359,0.7316835522651672,0.3944685161113739,0.7428859869639078,94
101.97,66.75,173.55,164.41,165.8,168.19,164.83,151.78,0.5417160987854004,0.45317668716112774,0.5383091568946838,0.4481586217880249,0.5413121978441874,0.41277257601420086,0.5638670126597086,0.39356594284375507,0.4887636601924896,0.40636900067329407,0.48791027069091797,0.39091535409291583,0.471620370944341,0.4052751163641612,0.4675889213879903,0.39326027035713196,0.4676373302936554,0.4105597635110219,0.4650477369626363,0.3973274032274882,0.47516008218129474,0.4098259707291921,0.4722250501314799,0.397859384616216,0.5346034169197083,0.5667667587598165,0.5193206469217936,0.5639594197273254,0.5476022760073344,0.6370034217834473,0.4605250159899394,0.6397362947463989,0.5423606236775717,0.7110649545987447,0.38273845116297406,0.7057301998138428,0.5224451422691345,0.7245975136756897,0.35864168405532837,0.7090273300806681,0.5958541035652161,0.7316465576489767,0.3944227596124013,0.742612381776174,95
93.29,64.62,178.74,161.46,165.56,168.2,167.77,151.63,0.539559523264567,0.4521769881248474,0.5393616159756979,0.44648754596710205,0.5415679216384888,0.41584577163060504,0.5679274797439575,0.3936508496602376,0.4918740391731262,0.4107341468334198,0.491815447807312,0.3903286357720693,0.4771325985590617,0.4085069199403127,0.47134597102801007,0.39168253540992737,0.4730672339598338,0.411977877219518,0.4683838486671448,0.3958817621072133,0.48029306530952454,0.4111665189266205,0.47567218542099,0.3968801200389862,0.5344569881757101,0.5661007960637411,0.5200668970743815,0.5634020368258158,0.5471882820129395,0.636976440747579,0.4604804615179698,0.6397758523623148,0.5419513980547587,0.7110334436098734,0.3825269639492035,0.7058019240697225,0.5221248269081116,0.7245869835217794,0.35811716318130493,0.7083696524302164,0.5953975319862366,0.7315908670425415,0.3942303458849589,0.7428429325421652,96
80.32,60.88,171.34,156.99,165.95,168.29,169.16,150.83,0.537633995215098,0.45145171880722046,0.5409675240516663,0.44419094920158386,0.5445983012517294,0.43446439504623413,0.5706627170244852,0.3935575286547343,0.5037426650524139,0.44854498902956647,0.49510624011357623,0.38991477092107135,0.4933791359265645,0.45097120602925617,0.4747697710990906,0.3904894491036733,0.4893594781557719,0.4534045954545339,0.47170698642730713,0.394885112841924,0.4948326349258423,0.45125746726989746,0.4792563120524089,0.3962297240893046,0.5343353152275085,0.5654926498730978,0.5208465258280436,0.5628922382990519,0.5467508435249329,0.6368351380030314,0.46049808462460834,0.6397647658983866,0.5414217511812845,0.7109761635462443,0.38229958216349286,0.7057454586029053,0.5219202637672424,0.7245722413063049,0.357625275850296,0.707658608754476,0.5933407545089722,0.7314224243164062,0.39376188317934674,0.7431182861328125,97
115.11,61.57,40.6,159.18,166.54,168.38,168.49,151.98,0.5350902875264486,0.451054443915685,0.5432829062143961,0.44269702831904095,0.5448890527089437,0.4407925009727478,0.5746273795763651,0.3934517999490102,0.5090767045815786,0.45495184262593585,0.4992401599884033,0.3895346522331238,0.501667857170105,0.45668330788612366,0.47885101040204364,0.38948116699854535,0.4979247450828552,0.45748793085416156,0.47554995616277057,0.39392024278640747,0.5022615393002828,0.4562387367089589,0.48350895444552106,0.3956388533115387,0.5339292883872986,0.5651639103889465,0.5215392112731934,0.5626531442006429,0.5461204846700033,0.6367822090784708,0.46043015519777936,0.6397562623023987,0.541100283463796,0.7109479308128357,0.3821212351322174,0.7057516972223917,0.521748940149943,0.7245681683222452,0.3573468824227651,0.707222064336141,0.5913988947868347,0.7311834891637167,0.3932195802529653,0.7433686852455139,98
68.2,59.08,148.29,157.23,166.92,168.89,171.64,152.78,0.5341194073359171,0.45121408502260846,0.546021024386088,0.44162603219350177,0.5495231548945109,0.4449906547864278,0.5781860748926798,0.3933033049106598,0.512426495552063,0.46096861362457275,0.5027722716331482,0.3891487618287404,0.5055509905020396,0.4656422734260559,0.48230209946632385,0.3886313835779826,0.5017803808053335,0.4674799640973409,0.47902844349543255,0.39312994480133057,0.5060488680998484,0.46512635548909503,0.4872292677561442,0.3951029380162557,0.5336513121922811,0.5648875633875529,0.5220639506975809,0.5623406966527303,0.5454225540161133,0.6367053786913554,0.46035800377527875,0.6397124528884888,0.5407222708066305,0.7109232743581136,0.38189323743184406,0.7058175206184387,0.5215216279029846,0.7245850165685018,0.35710548361142475,0.7073367834091187,0.5898681879043579,0.7309408783912659,0.3926631808280945,0.7434935172398885,99
32.52,57.95,128.97,156.41,167.75,168.79,171.25,153.19,0.5324726899464926,0.45131157835324603,0.5475624402364095,0.44138722618420917,0.5524232983589172,0.43959125876426697,0.5819792946179708,0.3934604227542877,0.5132300853729248,0.4495482047398885,0.5068483352661133,0.38867446780204773,0.506214032570521,0.45269495248794556,0.4864824215571086,0.3878481388092041,0.5023803412914276,0.45472222566604614,0.4831334948539734,0.39217402537663776,0.5068749686082205,0.4529481728871663,0.4914147953192393,0.39435646931330365,0.5333479245503744,0.5645452737808228,0.5224240024884542,0.5619130730628967,0.5444807012875875,0.6367329557736715,0.46027199427286786,0.6397017240524292,0.5403412183125814,0.7109365661938986,0.3817013402779897,0.7060087323188782,0.5212695399920145,0.7246200243631998,0.35688461860020954,0.7074968417485555,0.5899792909622192,0.73077791929245,0.3922637403011322,0.7435005903244019,100
46.54,56.88,88.55,154.68,169.45,168.68,172.13,153.5,0.5337947010993958,0.4513720174630483,0.5482359727223715,0.44112715125083923,0.5586284796396891,0.43608718117078143,0.585901935895284,0.39375215768814087,0.5207297007242838,0.4429309368133545,0.5101162592569987,0.38799776633580524,0.5116011599699656,0.447387158870697,0.4902537763118744,0.38721593221028644,0.5073729157447815,0.4504440824190776,0.48698097467422485,0.3914162715276082,0.5122062464555105,0.4489595592021942,0.49515777826309204,0.3936002254486084,0.5334986050923666,0.5642772912979126,0.5225156346956888,0.5615259011586508,0.5438021024068197,0.6365583737691244,0.460112730662028,0.6397649049758911,0.5399225950241089,0.7109259168306986,0.3815139929453532,0.7061975598335266,0.5210339625676473,0.7246360778808594,0.35670073827107746,0.7077624996503195,0.5902045369148254,0.7306930224100748,0.3919831911722819,0.7434954841931661,101
72.1,53.01,139.22,149.94,169.5,168.88,171.83,153.76,0.5358187556266785,0.45142317811648053,0.5490376949310303,0.4408251841862996,0.5611692468325297,0.4478832483291626,0.5909040172894796,0.3941611150900523,0.5320660670598348,0.46755067507425946,0.5148931940396627,0.38717760642369586,0.524154265721639,0.47472628951072693,0.4959987799326579,0.38636783758799237,0.5201371510823568,0.47799281279246014,0.49290168285369873,0.3903043866157532,0.5236122210820516,0.4755679170290629,0.5009110867977142,0.39254496494929,0.5335453351338705,0.563959797223409,0.5225897828737894,0.5610742370287577,0.5432932376861572,0.6363502740859985,0.45996126532554626,0.6398122509320577,0.5396882891654968,0.7109083533287048,0.3811836540699005,0.7064058184623718,0.5206724603970846,0.7246304154396057,0.35658061504364014,0.7081087032953898,0.5905031164487203,0.7306704918543497,0.39175580938657123,0.7435535391171774,102
100.55,50.53,56.18,147.31,169.74,168.57,169.55,154.45,0.5404980977376302,0.45153836409250897,0.5508689284324646,0.44070589542388916,0.5630056858062744,0.45260393619537354,0.5966300765673319,0.39448805650075275,0.5372834006945292,0.47331223885218304,0.5193846424420675,0.38605035344759625,0.5293106238047282,0.4805464843908946,0.5009167293707529,0.3852001229921977,0.5258009433746338,0.4833500583966573,0.49798335631688434,0.388978252808253,0.5291741092999777,0.48091306289037067,0.5059826274712881,0.3911738395690918,0.5335973898569742,0.5637806455294291,0.5226504604021708,0.5608212947845459,0.543142298857371,0.6360487143198649,0.45978880921999615,0.6399070223172506,0.5395467281341553,0.7108595371246338,0.38063837091128033,0.7067864735921224,0.5201967159907023,0.7246079842249552,0.35648014148076373,0.7093605399131775,0.5907533764839172,0.7306841611862183,0.39124584197998047,0.7436053156852722,103
96.64,51.09,59.44,148.35,169.93,168.59,165.49,156.0,0.5473132729530334,0.4514034887154897,0.5532687107721964,0.4406323830286662,0.5703333616256714,0.45006637771924335,0.6022704044977824,0.3948255777359009,0.5434264540672302,0.4707968533039093,0.5257185101509094,0.3850828210512797,0.5378305713335673,0.4777408142884572,0.5073620080947876,0.3839804232120514,0.534917950630188,0.48013006647427875,0.5046264131863912,0.38767868280410767,0.536206046740214,0.4778439203898112,0.5126588543256124,0.38994503021240234,0.5337850054105123,0.5636327862739563,0.5227849086125692,0.5605872670809428,0.5426537394523621,0.6359310150146484,0.4597054024537404,0.6399973432223002,0.5393940607706705,0.7108345429102579,0.37954552968343097,0.7071388562520345,0.5195910731951395,0.7246299982070923,0.35602807998657227,0.7103740175565084,0.5907085339228312,0.730697751045227,0.3900296688079834,0.7438052694002787,104
74.68,49.48,153.81,146.45,171.88,168.08,163.43,156.93,0.5543266336123148,0.45092064142227173,0.5560955007870992,0.4409053325653076,0.5795665383338928,0.4308183193206787,0.6081969738006592,0.3950512409210205,0.5433726112047831,0.4307473997275035,0.5308141112327576,0.3832397560278575,0.5386543075243632,0.43262749910354614,0.5118255217870077,0.3821912209192912,0.5352157553037008,0.43455516298611957,0.5087819894154867,0.3862263361612956,0.5360369483629862,0.4346538782119751,0.5169752637545267,0.38830530643463135,0.5340220729509989,0.5636173089345297,0.523130476474762,0.5605644385019938,0.542081375916799,0.635819673538208,0.45969074964523315,0.6401253541310629,0.5389960408210754,0.7107810378074646,0.3782666822274526,0.707497795422872,0.5190584460894266,0.7245933612187704,0.35528162121772766,0.7112149993578593,0.5905524690945944,0.7306988636652628,0.38878317674001056,0.744223435719808,105
72.64,49.68,155.15,145.66,172.01,167.86,161.43,157.57,0.5578872958819071,0.45012224713961285,0.5590661962827047,0.44108037153879803,0.5856872399648031,0.4129006067911784,0.6144717931747437,0.3952881991863251,0.5420374472935995,0.3952256441116333,0.5374627510706583,0.38131004571914673,0.5365332166353861,0.3916936020056407,0.5178033113479614,0.38037360707918805,0.5326710144678751,0.3941822648048401,0.5146860281626383,0.38465413451194763,0.5337245663007101,0.3966371913750966,0.522998571395874,0.3866644998391469,0.5340499679247538,0.563587506612142,0.5234633882840475,0.560544749101003,0.5414854884147644,0.635755717754364,0.4594775438308716,0.6402373115221659,0.5382331808408102,0.7106868823369344,0.3770403265953064,0.70762832959493,0.518489936987559,0.7245180408159891,0.3545672098795573,0.7110738754272461,0.5895537932713827,0.7307002743085226,0.38791490594546,0.7450295686721802,106
78.78,50.45,156.43,146.45,171.01,168.14,161.93,158.99,0.5612283945083618,0.4495883782704671,0.5635929107666016,0.4412488440672557,0.5904851754506429,0.41196667154630023,0.6201181213061014,0.39560184876124066,0.5454922914505005,0.39137353499730426,0.5438939134279887,0.37921229004859924,0.5362111926078796,0.3881126244862874,0.5238454341888428,0.37837324539820355,0.5323951641718546,0.39060495297114056,0.5205370187759399,0.3829789658387502,0.5350476702054342,0.39286232988039654,0.5286994576454163,0.38492034872372943,0.5339032212893168,0.5635555187861124,0.5238445202509562,0.5605489810307821,0.5410962502161661,0.6356478333473206,0.4593678414821625,0.6401950915654501,0.537257452805837,0.7105600237846375,0.3760668734709422,0.7077809969584147,0.5180913607279459,0.7244135538736979,0.3538668255011241,0.7109526793162028,0.5887245933214823,0.7307103077570597,0.387774517138799,0.7457635203997294,107
79.2,53.18,155.37,149.88,171.09,168.14,159.13,161.69,0.562371035416921,0.449400395154953,0.5679410298665365,0.4417326748371124,0.5923785368601481,0.4124090373516083,0.6248121857643127,0.3963314890861511,0.5503692229588827,0.38932158549626666,0.5512495835622152,0.37787046035130817,0.5366498629252116,0.3855696419874827,0.5307355324427286,0.376845379670461,0.5325995087623596,0.38824517528216046,0.5271371205647787,0.38124237457911175,0.5373045603434244,0.39070876439412433,0.5351789196332296,0.3833363155523936,0.5335990786552429,0.5635903080304464,0.5240889390309652,0.5609374841054281,0.54084446032842,0.6356085737546285,0.45920857787132263,0.6401250958442688,0.5364931225776672,0.7104724248250326,0.3755626082420349,0.7078820665677389,0.5177701711654663,0.7243835926055908,0.3534074326356252,0.710648238658905,0.588289479414622,0.730738898118337,0.38759920994440716,0.7463062008221945,108
81.36,54.57,153.7,150.02,170.69,168.74,159.31,161.88,0.5637168288230896,0.4494292736053467,0.5719396670659384,0.442422091960907,0.5960409243901571,0.41191906730333966,0.6291760404904684,0.3972009023030599,0.5543644229571024,0.38715746998786926,0.5566808780034384,0.37623881300290424,0.5379857619603475,0.38382842143376666,0.5361629327138265,0.3753298024336497,0.533893088499705,0.38600261012713116,0.5322070121765137,0.3796449303627014,0.5396828651428223,0.3883031904697418,0.5397592385609945,0.381686935822169,0.5333600838979086,0.5636254151662191,0.5243147810300192,0.5613389611244202,0.5406762957572937,0.6354745825131735,0.45926998058954877,0.6399470766385397,0.5360995729764303,0.7103246053059896,0.37539931138356525,0.7079545259475708,0.5175495942433676,0.7242743770281473,0.35297440489133197,0.7103846867879232,0.5888824860254923,0.7307908733685812,0.3871997098128001,0.7464507222175598,109
79.38,55.54,153.35,150.52,170.28,169.05,159.46,163.08,0.562712828318278,0.449796865383784,0.5733372370402018,0.4438660542170207,0.59563014904658,0.41193846861521405,0.6333763202031454,0.39821556210517883,0.5571776231129965,0.38635961214701336,0.5615830421447754,0.3750050663948059,0.5401492714881897,0.38569093743960065,0.5411638418833414,0.37404253085454303,0.5355753898620605,0.38499966263771057,0.5368238290150961,0.37841246525446576,0.5418010950088501,0.3872222304344177,0.5440502166748047,0.380379577477773,0.5330600539843241,0.5637218952178955,0.5244302352269491,0.5618496934572855,0.5406744480133057,0.6353542804718018,0.4597710470358531,0.6397318045298258,0.5358971158663431,0.7100884119669596,0.3758618235588074,0.7079308231671652,0.5173656543095907,0.7240644693374634,0.35284889737764996,0.7097635269165039,0.5896017750104269,0.7308446963628134,0.3866958022117615,0.7465882500012716,110
87.69,55.46,153.69,148.87,169.85,168.61,159.26,163.49,0.561966598033905,0.4511188566684723,0.5754076639811198,0.4451618591944377,0.5911768277486166,0.43110302090644836,0.6376307805379232,0.3993273476759593,0.5588082472483317,0.4245619575182597,0.5686747233072916,0.3736611107985179,0.5437989036242167,0.42825133601824444,0.5488538940747579,0.37177250782648724,0.5407740871111552,0.42707665761311847,0.5441844662030538,0.37620678544044495,0.5459374189376831,0.42708497246106464,0.5509331226348877,0.3785456617673238,0.5325834552447001,0.5637678106625875,0.5244716207186381,0.5619967381159464,0.5406315128008524,0.6352155208587646,0.46053167184193927,0.6393717527389526,0.5353847146034241,0.7098896702130636,0.3766011695067088,0.7078866958618164,0.517031729221344,0.7238579988479614,0.35292819142341614,0.7093463937441508,0.5892166495323181,0.7306721409161886,0.38653000195821124,0.7465821703275045,111
92.53,59.85,66.94,150.48,168.53,168.71,158.13,165.4,0.561611553033193,0.4525628884633382,0.576930046081543,0.44632644454638165,0.5860312581062317,0.4449642300605774,0.6418578028678894,0.4006940424442291,0.5618032217025757,0.4512701630592346,0.5774760047594706,0.37260252237319946,0.5500158866246542,0.46270880103111267,0.5578058560689291,0.36927340428034466,0.5479926864306132,0.4607994059721629,0.5528949101765951,0.3736574947834015,0.5522414644559225,0.46086856722831726,0.5593361457188925,0.3764880994955699,0.532090425491333,0.563897947470347,0.5245194435119629,0.5623244841893514,0.5405089457829794,0.6352597872416178,0.4612559874852498,0.6391040285428365,0.5348421931266785,0.7098687092463175,0.3772132794062297,0.7082569400469462,0.5166874130566915,0.7237746914227804,0.3530217508474986,0.7090094288190206,0.5886763334274292,0.7304765979448954,0.3867073953151703,0.7466163436571757,112
36.23,61.19,108.48,148.91,168.4,169.48,157.86,165.58,0.5611268083254496,0.45401713252067566,0.578509787718455,0.4466459850470225,0.5784261226654053,0.46717845400174457,0.6465702056884766,0.4026195704936981,0.5617652734120687,0.4943750898043315,0.5866685112317404,0.37169553836186725,0.5538783470789591,0.5076932311058044,0.5669961174329122,0.3670737346013387,0.5537729064623514,0.5082074801127116,0.56154731909434,0.3711717923482259,0.5564805666605631,0.5062437454859415,0.5674932599067688,0.37452568610509235,0.5316676696141561,0.563890298207601,0.5246226787567139,0.5623941222826639,0.5403493444124857,0.635291596253713,0.46185975273450214,0.6388803521792094,0.5340738296508789,0.7099773089090983,0.37761564056078595,0.7088190714518229,0.5161444147427877,0.7238243818283081,0.353197306394577,0.709110418955485,0.5875312884648641,0.7302404244740804,0.38728896776835126,0.7465899984041849,113
137.86,59.9,40.75,144.46,167.86,169.02,158.18,165.81,0.5574213862419128,0.454505314429601,0.5788918932278951,0.4469587008158366,0.5740277171134949,0.4564531445503235,0.6508971850077311,0.40485363205273944,0.5626848340034485,0.4689299861590068,0.5945576032002767,0.37122902274131775,0.557053287823995,0.47632230321566266,0.5756538510322571,0.3659114936987559,0.5572878321011862,0.4766538441181183,0.5690054297447205,0.3696443537871043,0.5596100290616354,0.4765212833881378,0.5747164686520895,0.37296103437741596,0.5312040646870931,0.5639040668805441,0.5247509678204855,0.562535802523295,0.5401899814605713,0.6353167692820231,0.4623746673266093,0.6387672622998556,0.5336408416430155,0.7100281516710917,0.37772581974665326,0.7093711495399475,0.5157984495162964,0.7238585750261942,0.3532763520876567,0.7092110713322958,0.5874423980712891,0.7302115360895792,0.38774516185124713,0.7466235756874084,114
105.59,62.8,142.02,143.08,167.2,168.87,162.09,166.04,0.5538358092308044,0.4552459220091502,0.5789715647697449,0.44751955072085065,0.5725208719571432,0.4486558238665263,0.6552077134450277,0.40713585416475934,0.5662503242492676,0.4482489923636119,0.602549155553182,0.3713116745154063,0.5620127320289612,0.446375439564387,0.58513343334198,0.3653527994950612,0.5628341237703959,0.4451651970545451,0.577424963315328,0.3687877257664998,0.5653881629308065,0.4447758197784424,0.5828372041384379,0.37209980686505634,0.53084929784139,0.5638903975486755,0.5249711076418558,0.562489648660024,0.5400994420051575,0.6352975964546204,0.4630533754825592,0.6386349002520243,0.5332532127698263,0.7100276152292887,0.37800562381744385,0.7094117999076843,0.5155267914136251,0.7239389816919962,0.3534626265366872,0.7091524004936218,0.587256669998169,0.7300869226455688,0.38807032505671185,0.7466245492299398,115
132.21,64.08,147.11,141.75,167.1,168.77,161.81,166.28,0.5497247775395712,0.4561055898666382,0.580331285794576,0.4481817086537679,0.5717561443646749,0.43356333176294964,0.6587484280268351,0.4087710777918498,0.5693092346191406,0.413370539744695,0.609777053197225,0.3712243636449178,0.5654792984326681,0.4056873818238576,0.5937707424163818,0.3648472527662913,0.5661448041598002,0.4035476545492808,0.5857993364334106,0.3677875300248464,0.5693206985791525,0.4049060344696045,0.5913182695706686,0.37090617418289185,0.5300955772399902,0.5640097061793009,0.5252379576365153,0.5626207590103149,0.5399677952130636,0.63535475730896,0.46347159147262573,0.638575275739034,0.5332074761390686,0.7100252111752828,0.3782346248626709,0.7092317342758179,0.5154075423876444,0.7240287860234579,0.35356417298316956,0.7089747190475464,0.5875610510508219,0.7299707333246866,0.3880743086338043,0.7466472188631693,116
139.92,65.75,147.82,142.39,166.55,168.69,161.54,167.44,0.5490802327791849,0.4574538667996724,0.581397275129954,0.4491230348745982,0.5719641447067261,0.43237655361493427,0.6626834273338318,0.40994398792584735,0.5725909272829691,0.40653034051259357,0.6164635618527731,0.3711598614851634,0.567333459854126,0.39968133966128033,0.6016752123832703,0.3645278414090474,0.5679967800776163,0.3970989187558492,0.5943201581637064,0.3672994871934255,0.5717637737592062,0.3986551562945048,0.5995886921882629,0.37042365471522015,0.5295968055725098,0.564202626546224,0.5254663228988647,0.5626920262972513,0.5398064057032267,0.6354208588600159,0.46370752652486164,0.6385921239852905,0.5332355697949728,0.710057536760966,0.3785749276479085,0.7089293201764425,0.5153533418973287,0.7241646846135458,0.35373662908871967,0.7088020245234171,0.5875207185745239,0.7299323280652364,0.3880365490913391,0.7465745608011881,117
144.15,67.51,149.08,141.75,166.78,168.64,161.14,167.53,0.5483761628468832,0.4585796892642975,0.5824515223503113,0.4498493770758311,0.5701556205749512,0.43483054637908936,0.6659074028333029,0.4110283851623535,0.573571781317393,0.4064461787541707,0.6243806083997091,0.3711078067620595,0.5666372776031494,0.40255147218704224,0.6109740734100342,0.3640762269496918,0.5689194599787394,0.3984588285287221,0.6037554939587911,0.3666896919409434,0.5726836721102396,0.4000395933787028,0.6083256006240845,0.3699539800484975,0.5289140144983927,0.564360777537028,0.5257158279418945,0.562768280506134,0.5395770072937012,0.6354722778002421,0.4643871287504832,0.6385953625043234,0.5332806507746378,0.7099954883257548,0.3787347674369812,0.7086204489072164,0.515345573425293,0.7242533167203268,0.3536601662635803,0.7082255482673645,0.5874048670132955,0.7300056020418803,0.3881145715713501,0.7464760939280192,118
147.4,73.88,146.76,140.78,166.6,167.37,160.45,168.17,0.547844648361206,0.4594499369462331,0.5828082164128622,0.45044487714767456,0.5669096112251282,0.4423393706480662,0.6691715915997823,0.41264641284942627,0.5714307427406311,0.41474205255508423,0.6341269016265869,0.37112609545389813,0.5646453698476156,0.41086864471435547,0.6223046779632568,0.36344942450523376,0.5687770446141561,0.4065741300582886,0.6147751808166504,0.3660035729408264,0.5727789998054504,0.4082676072915395,0.6182044148445129,0.3695646623770396,0.5285958846410116,0.564418613910675,0.5259032845497131,0.5627116759618124,0.5393378734588623,0.6354274352391561,0.46528298656145733,0.6385452349980673,0.5332775115966797,0.7099103331565857,0.37895773847897846,0.7082881927490234,0.5154161254564921,0.7243445912996928,0.35358356436093646,0.7075745066006979,0.5855933825174967,0.7300889293352762,0.38833672801653546,0.7463896870613098,119
117.66,80.17,116.2,139.08,166.86,166.71,161.43,169.03,0.5467424392700195,0.45994384090105694,0.5839795072873434,0.45050180951754254,0.5576491753260294,0.4665473798910777,0.672111431757609,0.4144235849380493,0.5683050751686096,0.4651207427183787,0.6441040635108948,0.3710520962874095,0.5629669427871704,0.4668129583199819,0.6349538564682007,0.36252744992574054,0.5698882341384888,0.46301742394765216,0.6263797879219055,0.36481324831644696,0.5727241436640421,0.46500349044799805,0.6283199985822042,0.3687282105286916,0.5282504558563232,0.5643627246220907,0.5262583295504252,0.562534769376119,0.5389052629470825,0.6353460748990377,0.46675344308217365,0.6383026639620463,0.5332244634628296,0.7098445892333984,0.37911877036094666,0.7079208095868429,0.51539013783137,0.7244729200998942,0.35343267520268756,0.7067895730336508,0.5830978155136108,0.7301509777704874,0.38869033257166546,0.7462754249572754,120
152.92,84.64,5.94,138.73,167.85,165.75,162.39,170.15,0.5447725852330526,0.4602973361810048,0.5859895547231039,0.4504069685935974,0.5467338959376017,0.48951313893000287,0.6743677258491516,0.41640697916348773,0.5623894929885864,0.5110413829485575,0.6531215906143188,0.37095949053764343,0.5596462488174438,0.5153633753458658,0.6467408537864685,0.36173883080482483,0.5673593084017435,0.5152885913848877,0.6375764409701029,0.36369683345158893,0.5693079431851705,0.5156266391277313,0.6386875112851461,0.36783748865127563,0.5280191699663798,0.5641626516977946,0.526923934618632,0.5622011025746664,0.5383239984512329,0.6352787613868713,0.46788976589838666,0.637986401716868,0.5331662098566691,0.709907591342926,0.3792905807495117,0.7076142032941183,0.5152185161908468,0.7247341473897299,0.3534168104330699,0.706438938776652,0.5805637637774149,0.7301998535792033,0.38867982228597003,0.7459349433581034,121
143.53,93.41,2.02,138.84,168.69,165.79,163.96,170.62,0.5420246918996176,0.46069369713465375,0.5885780851046244,0.45036564270655316,0.5357120633125305,0.5087758700052897,0.6764867504437765,0.41811397671699524,0.5603782733281454,0.5515019098917643,0.6639606157938639,0.3709346155325572,0.5595155954360962,0.5623093843460083,0.6594643592834473,0.36117767294247943,0.5677526593208313,0.5630347728729248,0.6487727959950765,0.3626280923684438,0.5685178637504578,0.5645583868026733,0.6496493816375732,0.3669756054878235,0.5273292462031046,0.5639656583468119,0.5285717447598776,0.5619545777638754,0.5376681089401245,0.6352426012357076,0.46911922097206116,0.6376078327496847,0.5331498781840006,0.7100686629613241,0.37946436802546185,0.7073118686676025,0.5149922569592794,0.7250504295031229,0.3534401059150696,0.7061779499053955,0.5796472032864889,0.7302616437276205,0.38851820429166156,0.744968056678772,122
131.8,108.21,5.37,137.65,168.33,166.54,164.61,169.56,0.5393101572990417,0.4610322614510854,0.5904586513837179,0.4503670831521352,0.5280873974164327,0.506028006474177,0.678511917591095,0.41980616251627606,0.5540441274642944,0.5393088062604269,0.676046093304952,0.37107642491658527,0.5544658899307251,0.5552170077959696,0.6719619830449423,0.361082802216212,0.5624617139498392,0.5603566765785217,0.6612311402956644,0.36230109135309857,0.5639807184537252,0.5607086618741354,0.6623297532399496,0.3666116992632548,0.5266031424204508,0.5637969772020975,0.5302818417549133,0.5618135929107666,0.5371677875518799,0.6352735360463461,0.4697333872318268,0.6374109983444214,0.5331244667371114,0.7101913690567017,0.3796032865842183,0.7071775595347086,0.5147611896197001,0.7253243525822958,0.3536379237969716,0.7060559988021851,0.5794852574666342,0.7302124500274658,0.38794733087221783,0.7442770401636759,123
103.67,116.83,18.95,136.06,168.49,166.97,165.07,168.85,0.5363072951634725,0.4614087740580241,0.5918933550516764,0.45036132136980694,0.5212306181589762,0.5028917491436005,0.6815366148948669,0.42123671372731525,0.5471632480621338,0.5226910213629404,0.6884078780810038,0.3714134693145752,0.5475435654322306,0.5355662107467651,0.6846047043800354,0.3611569901307424,0.5554963747660319,0.5388241211573283,0.673778235912323,0.3623324930667877,0.5578908522923788,0.5399329960346222,0.6748913327852885,0.36654995878537494,0.5254461765289307,0.5639111797014872,0.5315793951352438,0.5620657006899515,0.5368287960688273,0.6353327035903931,0.4699081877867381,0.6374174157778422,0.5331064462661743,0.7102453708648682,0.3797668715318044,0.7071191469828287,0.5146319468816122,0.7254512111345927,0.3541460633277893,0.7062873641649882,0.5795495708783468,0.7300947904586792,0.38767533500989276,0.7438135743141174,124
54.77,121.98,20.24,135.42,167.48,167.53,165.01,168.79,0.5342045227686564,0.4615739087263743,0.5924793680508932,0.45035188396771747,0.5179317394892374,0.49109042684237164,0.684355636437734,0.4227456549803416,0.5396323800086975,0.48538188139597577,0.697296142578125,0.3728564778963725,0.5391292174657186,0.4913485149542491,0.6957128445307413,0.36201193928718567,0.5468850135803223,0.49325501918792725,0.6859710613886515,0.36305931210517883,0.5505626400311788,0.49309656023979187,0.6861541469891866,0.3672301471233368,0.5248129765192667,0.5640617807706197,0.5318700273831686,0.562320609887441,0.5365051031112671,0.6354028185208639,0.4697629710038503,0.6375422875086466,0.5330929756164551,0.7102165222167969,0.3799326221148173,0.7072813312212626,0.5145357648531595,0.7255913217862447,0.3546356459458669,0.7066173553466797,0.5797301530838013,0.7299346129099528,0.38749849796295166,0.7438329259554545,125
12.82,124.87,37.32,134.02,168.27,167.61,166.29,169.0,0.5327076117197672,0.4620252251625061,0.5934610565503439,0.450361688931783,0.5166315237681071,0.49518662691116333,0.6865689158439636,0.4246340791384379,0.537475069363912,0.4956827561060588,0.7078754107157389,0.37598998347918194,0.5360885659853617,0.49946783979733783,0.7084144552548727,0.3644351561864217,0.5459792415301005,0.4942309856414795,0.699046274026235,0.3645968735218048,0.5488894184430441,0.4956776400407155,0.6982787648836771,0.36889175573984784,0.5242688457171122,0.5642122626304626,0.5319281220436096,0.562578002611796,0.5361278653144836,0.6354314684867859,0.46984384457270306,0.6376297076543173,0.5330190658569336,0.7101808389027914,0.3801603714625041,0.707444985707601,0.5144534707069397,0.7256877621014913,0.35510313510894775,0.7069386839866638,0.5798149704933167,0.7297874689102173,0.38760481278101605,0.7436697284380595,126
130.49,139.51,14.67,133.12,168.74,167.35,166.18,169.63,0.5328295628229777,0.4629884858926137,0.5942089557647705,0.4505309760570526,0.5162023305892944,0.5000647902488708,0.6874015728632609,0.4269184370835622,0.5375500917434692,0.5175115366776785,0.7178871035575867,0.3805011411507924,0.5357968608538309,0.5241404275099436,0.7204173803329468,0.36859705050786334,0.5473893284797668,0.5199293891588846,0.7112387816111246,0.3674658139546712,0.5491578181584676,0.5207453568776449,0.7095029155413309,0.3717687924702962,0.5243495504061381,0.5642131964365641,0.5319939454396566,0.5625752409299215,0.5357489387194315,0.6354420185089111,0.47056273619333905,0.6375616788864136,0.5328985452651978,0.7101707259813944,0.38035351037979126,0.7075255513191223,0.514335572719574,0.7257920900980631,0.35520684719085693,0.7069200873374939,0.5795096357663473,0.7297360102335612,0.3875192602475484,0.7435056765874227,127
132.74,146.32,15.93,132.6,169.16,166.4,165.87,170.52,0.5333835879961649,0.4638917048772176,0.5949240922927856,0.4507135550181071,0.515951414903005,0.5092949072519938,0.6870745817820231,0.42901204029719037,0.5409607489903768,0.523709237575531,0.7288979291915894,0.3855455319086711,0.5392261743545532,0.5298712154229482,0.7322031458218893,0.37406399846076965,0.5520163973172506,0.5250920752684275,0.7235498030980428,0.372016320625941,0.5537256995836893,0.5259181161721548,0.7214519381523132,0.37629635135332745,0.5242735544840494,0.564260462919871,0.5320188999176025,0.5627586046854655,0.5355423291524252,0.6354990402857462,0.471546729405721,0.6374937494595846,0.5327600042025248,0.7102593978246053,0.3804539044698079,0.7074613571166992,0.5142125884691874,0.7257903416951498,0.35528799891471863,0.7068543434143066,0.57884414990743,0.7297146916389465,0.3875037133693695,0.7432695627212524,128
12.07,154.43,17.03,131.94,168.74,165.76,165.42,170.85,0.5335463484128317,0.46451951066652936,0.5953623652458191,0.45089468359947205,0.5156962076822916,0.5095190405845642,0.68686443567276,0.43107747038205463,0.5398025711377462,0.5229273239771525,0.7368295987447103,0.3902888099352519,0.5391717553138733,0.5241442223389944,0.7417104045550028,0.37956605354944867,0.5514023900032043,0.5213383932908376,0.7341591318448385,0.37705281376838684,0.5539508660634359,0.5197443068027496,0.731722354888916,0.3810172975063324,0.5242434144020081,0.5643593271573385,0.5320469339688619,0.5630396803220113,0.5354912678400675,0.6355802416801453,0.4723607301712036,0.637483537197113,0.532601555188497,0.7103544274965922,0.3806251883506775,0.7073967854181925,0.514093816280365,0.7257881164550781,0.3553044895331065,0.7068647940953573,0.5780447920163473,0.7297097047170004,0.3873331546783447,0.7430984775225321,129
129.84,157.3,16.07,130.45,168.54,165.94,165.82,170.81,0.5331725279490153,0.46462681889533997,0.595569888750712,0.4510718584060669,0.5152009328206381,0.5101168354352316,0.6874066193898519,0.4330541491508484,0.5387277404467264,0.5243611733118693,0.7429845730463663,0.3958650330702464,0.539829691251119,0.5255972643693289,0.7502078413963318,0.38573794563611347,0.5524068474769592,0.5229910711447397,0.7434209187825521,0.3827418287595113,0.5552058617273966,0.5211490094661713,0.7403532067934672,0.38633912801742554,0.5241967042287191,0.5645788709322611,0.5320193568865458,0.5635285576184591,0.5354924996693929,0.6357268492380778,0.4727260669072469,0.6375432213147482,0.5324343045552572,0.7106242179870605,0.3808557093143463,0.7073878844579061,0.5137950976689657,0.725845475991567,0.3556098739306132,0.7069296836853027,0.5776138305664062,0.7296795050303141,0.38729525605837506,0.7429511745770773,130
135.79,160.11,16.29,129.33,168.64,166.13,166.31,170.66,0.5320145686467489,0.4647438625494639,0.5956697662671407,0.4513610005378723,0.5139755606651306,0.5133071939150492,0.6884885231653849,0.43498462438583374,0.5353636741638184,0.5579032897949219,0.7491154273351034,0.4005654454231262,0.5381258527437845,0.5646024346351624,0.7589855591456095,0.3903546631336212,0.551923950513204,0.563258429368337,0.7523968617121378,0.38697266578674316,0.5535715619723002,0.559839109579722,0.7482577164967855,0.39026033878326416,0.523598849773407,0.5647573272387186,0.532007098197937,0.5639071464538574,0.535483201344808,0.6357935269673666,0.47272278865178424,0.6376699209213257,0.532194177309672,0.7107887864112854,0.38116421302159625,0.707394023736318,0.5133766531944275,0.7258220116297404,0.3561955789724986,0.7075371742248535,0.5774116913477579,0.7296580076217651,0.3870704273382823,0.7426494161287943,131
135.47,163.59,14.44,128.74,166.8,166.17,164.96,170.65,0.5319839914639791,0.4654053548971812,0.5956448117891947,0.4519663055737813,0.5136573513348898,0.5148827433586121,0.6892309784889221,0.4368647237618764,0.5359609127044678,0.561784823735555,0.7543208400408427,0.40460527936617535,0.5395085215568542,0.5718422929445902,0.7656634847323099,0.39364686608314514,0.5536232590675354,0.5708372394243876,0.7590599854787191,0.39007630944252014,0.5546666979789734,0.5672505100568136,0.7544750372568766,0.39346112807591754,0.5231409470240275,0.5650600989659628,0.5317688981691996,0.5643619497617086,0.5354609688123068,0.6359259684880575,0.472730149825414,0.6378419399261475,0.5320220788319906,0.7109751502672831,0.3813694516817729,0.7079512278238932,0.5129284063975016,0.7257895668347677,0.3567602038383484,0.7086808085441589,0.577306310335795,0.7296619017918905,0.38737136125564575,0.7419285376866659,132
131.17,164.29,15.08,128.26,167.1,166.54,163.93,171.18,0.5322399536768595,0.46598386764526367,0.5958959460258484,0.4524351159731547,0.5133752624193827,0.5161252419153849,0.6916947563489279,0.43800802032152814,0.5365187525749207,0.5592423478762308,0.7623589833577474,0.4066966076691945,0.5385189652442932,0.5724009076754252,0.7744129300117493,0.39480745792388916,0.5524500012397766,0.5711730718612671,0.7681457797686259,0.39132586121559143,0.5535287261009216,0.567603607972463,0.7634864846865336,0.3950253228346507,0.522770623366038,0.565254271030426,0.5315890510876974,0.5646666487058004,0.5354570349057516,0.6360475619633993,0.4730539619922638,0.6379892031351725,0.5316691001256307,0.711012581984202,0.3816410501797994,0.7084682186444601,0.512541671593984,0.7257029016812643,0.3573015630245209,0.7097923358281454,0.5775233308474222,0.7297020355860392,0.3876985510190328,0.741137703259786,133
126.29,165.99,15.99,128.15,166.94,165.98,164.28,171.8,0.5346379478772482,0.46651801466941833,0.5963944991429647,0.45286862055460614,0.5138107339541117,0.5159853299458822,0.6941653291384379,0.43926894664764404,0.537149965763092,0.5596225063006083,0.7696488698323568,0.4084182282288869,0.5377045671145121,0.5730444590250651,0.7816989223162333,0.39590559403101605,0.5513575275739034,0.5720420678456625,0.776007870833079,0.39241985479990643,0.5524918437004089,0.5684750477472941,0.7720881501833597,0.396366149187088,0.5231113235155741,0.5656020442644755,0.5314105351765951,0.5650439063707987,0.5353468060493469,0.6362445950508118,0.47356894612312317,0.6381015578905741,0.5313476721445719,0.7110807696978251,0.38178853193918866,0.7089714805285136,0.5120808084805807,0.7256970802942911,0.3573124210039775,0.709756592909495,0.5775191783905029,0.729748527208964,0.3873424331347148,0.7416702508926392,134
129.03,166.63,17.49,127.63,167.3,165.61,162.42,172.16,0.5377825697263082,0.4665883680184682,0.5973371863365173,0.4529901345570882,0.5141825079917908,0.5160734256108602,0.6974541147549947,0.4400888880093892,0.5376282135645548,0.560361365477244,0.7758040626843771,0.4109797974427541,0.5368131597836813,0.5742936134338379,0.7889853715896606,0.39873795708020526,0.550262967745463,0.5733835498491923,0.7836892008781433,0.3950234154860179,0.5514776508013407,0.5697532693545023,0.7794869343439738,0.39892568190892536,0.5235409140586853,0.5657748381296793,0.5314277609189352,0.5652415752410889,0.5353123148282369,0.6363691886266073,0.474128782749176,0.6381966670354208,0.5309635996818542,0.7111178239186605,0.3820532063643138,0.709013561407725,0.5116865237553915,0.7257012327512106,0.3573950032393138,0.7094347675641378,0.577858547369639,0.7299137115478516,0.38740424315134686,0.7423398097356161,135
124.04,168.22,18.32,127.52,167.37,165.54,160.42,172.85,0.5408402482668558,0.4670846064885457,0.5982943773269653,0.45322184761365253,0.5142510334650675,0.51590363184611,0.6994603077570597,0.44134195645650226,0.5348217686017355,0.5623333851496378,0.7810145417849222,0.414166917403539,0.5341097712516785,0.573878010114034,0.7948642174402872,0.4023490846157074,0.5473189751307169,0.5729024012883505,0.7903067072232565,0.39831702907880145,0.548913836479187,0.5693019429842631,0.7856511473655701,0.4023428757985433,0.5240356922149658,0.5660287340482076,0.5313641627629598,0.5654717882474264,0.5352680285771688,0.6364511052767435,0.4746922254562378,0.6383575598398844,0.5307991703351339,0.7111309369405111,0.38244085510571796,0.7091005245844523,0.5114686687787374,0.7256986697514852,0.35769885778427124,0.7091966072718302,0.5778713425000509,0.7300227880477905,0.38750864068667096,0.7432550191879272,136
130.08,169.94,20.89,127.38,167.87,164.89,161.06,173.8,0.5425664782524109,0.4677407443523407,0.5996899207433065,0.45341869195302326,0.512727697690328,0.51576828956604,0.7031186819076538,0.44242732723553974,0.5297624866167704,0.5600640177726746,0.7841216524442037,0.41735891501108807,0.5294158061345419,0.5716537634531657,0.7991138100624084,0.40596674879391986,0.5424341360727946,0.5703829129536947,0.794928789138794,0.4019732375939687,0.5445313254992167,0.5668099721272787,0.7897454102834066,0.40597442785898846,0.5244608521461487,0.5661264260609945,0.5313002665837606,0.5656121571858724,0.5353309909502665,0.6365368962287903,0.47557299335797626,0.6385005116462708,0.5306331515312195,0.7111107508341471,0.3831862509250641,0.7092200915018717,0.5114799340566,0.72568811972936,0.3588237961133321,0.7097127238909403,0.5782324274381002,0.7301311095555624,0.3884391287962596,0.7434582710266113,137
127.81,168.44,25.03,127.43,167.62,164.05,160.92,175.24,0.5428539117177328,0.4682086606820424,0.6008987228075663,0.45366541544596356,0.5110638936360677,0.5150672793388367,0.7068362832069397,0.4437141716480255,0.5249253710110983,0.5582462549209595,0.7893219788869222,0.4203471342722575,0.5247493386268616,0.5668696562449137,0.8041666746139526,0.4099295735359192,0.5373711188634237,0.5652674833933512,0.8002174099286398,0.405637929836909,0.5400346914927164,0.5620022416114807,0.7950464089711508,0.40954185525576275,0.5249213973681132,0.5663342674573263,0.5311761498451233,0.5658923387527466,0.5353459715843201,0.6367172797520956,0.4765089452266693,0.6387794613838196,0.5305519700050354,0.7110843062400818,0.3838920295238495,0.7092477877934774,0.5115144650141398,0.7256470719973246,0.36014944314956665,0.7099112868309021,0.5783966382344564,0.7301186521848043,0.38870837291081745,0.7438955108324686,138
126.35,170.27,25.41,126.88,168.17,163.46,161.68,175.89,0.5433578689893087,0.46815476814905804,0.6016397277514139,0.45378755529721576,0.5095753073692322,0.5140700737635294,0.709329624970754,0.445193608601888,0.5210856199264526,0.5573359529177347,0.7938279509544373,0.4233257969220479,0.5192550222078959,0.5645693143208822,0.8095327218373617,0.4139305651187897,0.5316403110822042,0.5629186034202576,0.8057632644971212,0.40923843781153363,0.5354954997698466,0.5598549048105875,0.8007027308146158,0.412861168384552,0.5254382093747457,0.5664181510607401,0.5311174392700195,0.5660718480745951,0.5352580149968466,0.6369500954945883,0.4778648416201274,0.6390684048334757,0.5303603410720825,0.7110716899236044,0.3844241499900818,0.7093665798505148,0.5114945769309998,0.7256343166033427,0.36105374495188397,0.7101654211680094,0.5784404277801514,0.7300980488459269,0.38893647988637287,0.7445352474848429,139
131.96,171.21,27.59,125.78,169.09,161.68,162.62,176.93,0.5453283190727234,0.4681348303953807,0.6016499201456705,0.4538892408212026,0.5095468958218893,0.5133336782455444,0.7095086574554443,0.4472191631793976,0.5199612776438395,0.5580813487370809,0.7974279920260111,0.42718804876009625,0.5159562031428019,0.5642816027005514,0.8150216937065125,0.41969891389211017,0.5280826489130656,0.5628137787183126,0.8120729724566141,0.4143091142177582,0.5330732266108195,0.5598406394322714,0.8064184387524923,0.41731488704681396,0.5262585083643595,0.5667081673940023,0.5310600996017456,0.5662388602892557,0.5351408322652181,0.6373210946718851,0.4792584776878357,0.6393781304359436,0.5301679174105326,0.7110768953959147,0.3847319682439168,0.7094852328300476,0.5113441745440165,0.7256265878677368,0.3614734609921773,0.7103395064671835,0.5784843762715658,0.7300841808319092,0.3892012635866801,0.7449445128440857,140
127.06,170.53,29.14,124.37,169.66,160.46,161.36,177.69,0.5469086766242981,0.4681336085001628,0.6013959844907125,0.45394475261370343,0.5094339847564697,0.5126431385676066,0.7089605132738749,0.44934069116910297,0.5185145934422811,0.5604937076568604,0.7991954684257507,0.43054837981859845,0.5127880970637003,0.5657819509506226,0.8182037671407064,0.42423521478970844,0.5248989860216776,0.564609706401825,0.8160284558931986,0.4187964200973511,0.5307939449946085,0.5615546107292175,0.8100820779800415,0.42122572660446167,0.5269754330317179,0.5669246514638265,0.5311350425084432,0.5662949283917745,0.5350157817204794,0.6377120415369669,0.4807610909144084,0.6395646731058756,0.529922346274058,0.7111011147499084,0.38505690296490985,0.7096304893493652,0.5109527508417765,0.7256380716959635,0.3617294430732727,0.7104992071787516,0.5784052014350891,0.7300732135772705,0.38924282789230347,0.745409369468689,141
128.56,170.31,29.26,123.26,169.9,160.0,162.37,177.92,0.5486725568771362,0.46792226036389667,0.6012752056121826,0.45413657029469806,0.509920338789622,0.5104552110036215,0.7095682621002197,0.4512437681357066,0.5196059544881185,0.5553002754847208,0.8000622391700745,0.4336492419242859,0.513428787390391,0.5592540701230367,0.8211769064267477,0.42923348148663837,0.5258511106173197,0.5580072204271952,0.8203020294507345,0.4240858356157939,0.5312832593917847,0.555220385392507,0.8135676781336466,0.4258270462354024,0.5276541709899902,0.5671985348065695,0.5312355359395345,0.5664538741111755,0.5349788268407186,0.6381468772888184,0.48180898030598956,0.6397953828175863,0.5297866264979044,0.7111208637555441,0.3854685326417287,0.7096893986066183,0.5105873743693033,0.7256179650624593,0.36205368240674335,0.7104612986246744,0.5784291823705038,0.7300933202107748,0.3890104790528615,0.7455512483914694,142
119.81,170.75,32.9,122.82,170.55,159.35,162.72,178.3,0.5488720536231995,0.4675375322500865,0.6012188196182251,0.45431725184122723,0.5101393858591715,0.5083593726158142,0.7109716733296713,0.45272229115168255,0.520181139310201,0.5492856899897257,0.801865021387736,0.4366810421148936,0.5140548745791117,0.5532848834991455,0.8236845135688782,0.4336729248364766,0.526530921459198,0.5519128839174906,0.8237602710723877,0.4291659692923228,0.5316516757011414,0.5492759744326273,0.8167128562927246,0.4306248525778453,0.5282721916834513,0.5672648549079895,0.5315353870391846,0.5665652751922607,0.5349634885787964,0.6384484767913818,0.4832167128721873,0.6400497357050577,0.5296535690625509,0.711157500743866,0.38611018657684326,0.709753155708313,0.51022340854009,0.7255906860033671,0.36255180835723877,0.7103483478228251,0.5784017642339071,0.730172355969747,0.38833605249722797,0.7456950942675272,143
118.42,171.44,33.46,121.93,170.91,157.64,163.78,179.31,0.5503411491711935,0.4671158194541931,0.6011874874432882,0.4546297490596771,0.5232404867808024,0.501816600561142,0.71247798204422,0.45394696791966754,0.5503276983896891,0.529468834400177,0.8046006560325623,0.43964577714602154,0.5467556118965149,0.5297725995381674,0.8282424608866373,0.43810538450876874,0.5583829283714294,0.5279708504676819,0.8288019498189291,0.4338167607784271,0.5630116065343221,0.5267566045125326,0.820919911066691,0.4350164333979289,0.528840164343516,0.5675186117490133,0.5317808190981547,0.566905677318573,0.5349136392275492,0.6390115221341451,0.4845117926597595,0.6404629151026408,0.529578427473704,0.7111919720967611,0.38673630356788635,0.7098735372225443,0.5100496212641398,0.7255658308664957,0.36324692765871686,0.7102421720822653,0.5784640709559122,0.7302684982617696,0.3877108196417491,0.7457851966222128,144
92.67,172.37,5.38,121.48,171.29,157.3,162.67,179.39,0.5506196022033691,0.4670812288920085,0.6011746724446615,0.4550978938738505,0.5290345549583435,0.5038773119449615,0.7130693395932516,0.45541157325108844,0.5684723854064941,0.5275760889053345,0.8055865367253622,0.44292496641476947,0.5671882430712382,0.5265864729881287,0.829291025797526,0.4423386553923289,0.5782776673634847,0.5248469909032186,0.8298466602961222,0.4385400215784709,0.5839362144470215,0.5239560008049011,0.8217183550198873,0.43951478600502014,0.5291532278060913,0.5677766998608907,0.5319855610529581,0.5671972036361694,0.5349088708559672,0.6394491394360861,0.4855955243110657,0.6408442258834839,0.5294407407442728,0.7112176020940145,0.3874645531177521,0.7100232640902201,0.5098005334536234,0.7255317171414694,0.36412983139355976,0.7102337678273519,0.5784745017687479,0.7303084929784139,0.3874417543411255,0.7456400990486145,145
91.01,172.63,14.38,121.15,170.95,157.23,163.68,179.73,0.5511558254559835,0.4670552710692088,0.6011397441228231,0.4556706150372823,0.5566972096761068,0.4941597084204356,0.7129971782366434,0.45667298634847003,0.608665406703949,0.5031655728816986,0.806053102016449,0.4460419813791911,0.6099499464035034,0.4972056746482849,0.8304670453071594,0.4462488492329915,0.6194201707839966,0.4953751464684804,0.8311296701431274,0.4424612720807393,0.6251144806543986,0.4963906407356262,0.8227029045422872,0.44330957531929016,0.5292616883913676,0.5681286652882894,0.531992495059967,0.567705512046814,0.5348926186561584,0.6398700277010599,0.48653120795885724,0.6412612994511923,0.5292547941207886,0.7112318476041158,0.38809802134831745,0.7102020184199015,0.5096064408620199,0.7255022525787354,0.36528583367665607,0.7106033563613892,0.579238494237264,0.7303330302238464,0.38814987738927204,0.7449885408083597,146
157.11,173.93,88.41,120.87,170.74,155.63,163.52,179.21,0.5500408411026001,0.4670901695887248,0.6013123591740926,0.4564602772394816,0.5545186599095663,0.49741150935490924,0.7126513719558716,0.4578731457392375,0.5917665561040243,0.5207362075646719,0.8049814701080322,0.449541300535202,0.5909979740778605,0.5181278387705485,0.8289439876874288,0.45058882236480713,0.6016037464141846,0.5167911748091379,0.8299262324968973,0.44741960366566974,0.607872207959493,0.5165612896283468,0.8216525713602701,0.44809892773628235,0.5292974710464478,0.5682583252588908,0.5321534276008606,0.5679541230201721,0.5348820686340332,0.6400217811266581,0.4878327449162801,0.6415108839670817,0.5290250579516093,0.7114081184069315,0.38887181878089905,0.7103119293848673,0.509421706199646,0.7255584398905436,0.36644182602564496,0.7111522952715555,0.5801719625790914,0.7303485075632731,0.3892994523048401,0.7436163028081259,147
152.53,175.79,0.46,121.23,170.89,154.76,164.69,178.27,0.5494824449221293,0.46690818667411804,0.6015813151995341,0.45702189207077026,0.5518631339073181,0.4959289034207662,0.7123433748881022,0.45894258220990497,0.5788160363833109,0.5292714536190033,0.8044210275014242,0.45288973053296405,0.5765820940335592,0.5292906165122986,0.8278398315111796,0.4544435640176137,0.5875264406204224,0.5281829734643301,0.8286380171775818,0.4516720076402028,0.5931615432103475,0.5272899270057678,0.820681095123291,0.45224754015604657,0.5293605923652649,0.5684977571169535,0.5323578715324402,0.5683714151382446,0.5348416169484457,0.640266478061676,0.48969437678654987,0.6418031851450602,0.5288035670916239,0.7116454442342123,0.3895365595817566,0.7103775143623352,0.5091708898544312,0.7256863315900167,0.3675151765346527,0.7118541797002157,0.580605665842692,0.7303694287935892,0.3913014829158783,0.7421825528144836,148
128.91,176.02,23.96,120.52,170.77,153.26,165.07,177.36,0.5487889051437378,0.4667366047700246,0.6019641955693563,0.4577662944793701,0.526100218296051,0.5069152514139811,0.7121467391649882,0.4607402980327606,0.5431555310885111,0.5578861037890116,0.8038139144579569,0.45605261127154034,0.537414034207662,0.5640450914700826,0.8262492616971334,0.45811834931373596,0.549631655216217,0.5630602240562439,0.8265486558278402,0.45574017365773517,0.5552496512730917,0.5600755413373312,0.8191299239794413,0.4560292065143585,0.5296091834704081,0.5686412453651428,0.5326304038365682,0.5685570438702902,0.5350374976793925,0.6404434641202291,0.4914097984631856,0.6420227686564127,0.5285160342852274,0.7117862900098165,0.39014415939648944,0.7104029059410095,0.5087981820106506,0.7257168889045715,0.36836737394332886,0.7121685743331909,0.5801378488540649,0.7303152283032736,0.39256878693898517,0.7412669857343038,149
120.35,174.76,26.66,119.72,169.71,151.94,165.29,176.12,0.5484993060429891,0.4665670394897461,0.6021629373232523,0.45815269152323407,0.5159357190132141,0.5098193287849426,0.7120689749717712,0.4629121720790863,0.5329531033833822,0.5585843324661255,0.8025755484898885,0.45938267310460407,0.5269302328427633,0.5656530062357584,0.8252211014429728,0.4616250197092692,0.5385842521985372,0.5645053188006083,0.8251623511314392,0.4592580000559489,0.543917198975881,0.5612780650456747,0.8178764382998148,0.4593308965365092,0.5298832456270853,0.5689350962638855,0.5328497687975565,0.5689388910929362,0.5352559884389242,0.6405565142631531,0.49308307965596515,0.6424304246902466,0.5282684763272604,0.7117623090744019,0.3907606899738312,0.7104503115018209,0.5083789030710856,0.7256294886271158,0.36919159690539044,0.7122868696848551,0.5793196757634481,0.7302535772323608,0.39305686950683594,0.741370419661204,150
121.95,175.1,29.09,118.41,169.84,150.89,165.85,175.67,0.5481329162915548,0.4664822618166606,0.6022691528002421,0.45858879884084064,0.5128605763117472,0.5107698639233907,0.7119686603546143,0.4648127257823944,0.5299677848815918,0.5574726859728495,0.8013221820195516,0.4628235101699829,0.5238843957583109,0.5648260315259298,0.8241167267163595,0.46561423937479657,0.5351149837176005,0.5636088252067566,0.8239420255025228,0.4630703628063202,0.5402732292811075,0.5602994163831075,0.8163631558418274,0.46287214756011963,0.5301605860392252,0.5690893530845642,0.5330650806427002,0.5691071152687073,0.5354950229326884,0.6406607627868652,0.49468889832496643,0.6427806615829468,0.5280544956525167,0.7116866111755371,0.39158036311467487,0.7104895313580831,0.5081093708674113,0.7254934708277384,0.37043988704681396,0.7121839920679728,0.5791329344113668,0.7302477757136027,0.39255016048749286,0.74173370997111,151
121.73,176.62,29.97,118.28,169.72,149.59,166.27,174.59,0.5476906299591064,0.46616466840108234,0.6021602153778076,0.4587484498818715,0.5193304618199667,0.4993186891078949,0.7114629745483398,0.4658022920290629,0.5406504472096761,0.5287473201751709,0.8000407020250956,0.466203232606252,0.537350614865621,0.5320713818073273,0.8230448563893636,0.46945303678512573,0.5474249720573425,0.5305416484673818,0.8229867617289225,0.4666152000427246,0.552842358748118,0.5284760495026907,0.8148731787999471,0.4663130541642507,0.5303323864936829,0.5693937142690023,0.5332556168238322,0.5694761077562968,0.5355227986971537,0.6409553488095602,0.4958643118540446,0.6434353192647299,0.5280111829439799,0.7117003798484802,0.39273301760355633,0.7105008363723755,0.5079845786094666,0.7254568338394165,0.37174739440282184,0.7115997672080994,0.5790682633717855,0.7302519083023071,0.3920878469944,0.7420566280682882,152
27.78,177.98,40.66,117.91,169.81,149.09,166.79,174.52,0.5473880370457967,0.465658575296402,0.6021808981895447,0.4590303599834442,0.535254955291748,0.4818022847175598,0.711017926534017,0.46689388155937195,0.5658853848775228,0.4853690465291341,0.7991653283437093,0.4687897861003876,0.5659765005111694,0.48460789521535236,0.8213221430778503,0.47232797741889954,0.572750985622406,0.48263049125671387,0.8211350639661154,0.4696833590666453,0.5770759582519531,0.4832472006479899,0.8131304184595743,0.4692715108394623,0.5301786859830221,0.5693422158559164,0.5333881378173828,0.5694268743197123,0.5356743733088175,0.641177237033844,0.49842050671577454,0.6437745292981466,0.5279697378476461,0.7117154598236084,0.39405285318692523,0.7102615634600321,0.5079231063524882,0.7254219452540079,0.3728589713573456,0.7102205554644266,0.5791498819986979,0.7304218808809916,0.3919934729735057,0.7420643965403239,153
172.46,176.69,126.51,117.2,168.65,144.36,165.54,170.62,0.5472635825475057,0.465244601170222,0.6022348801294962,0.4592786928017934,0.5536208351453146,0.46268240610758465,0.7103655735651652,0.4681181212266286,0.5935565829277039,0.4400515854358673,0.7976802190144857,0.4715818464756012,0.5969444513320923,0.43559717138608295,0.8188915252685547,0.4751279056072235,0.5995658040046692,0.4340812663237254,0.818509558836619,0.47279643019040424,0.6026669343312582,0.4366905192534129,0.8110428849856058,0.4723464647928874,0.5296971201896667,0.5694325963656107,0.5338004032770792,0.5696931680043539,0.5357701778411865,0.6414637962977091,0.5003593067328135,0.6441166599591573,0.5280009309450785,0.711787740389506,0.3952142695585887,0.7100130120913187,0.5078847209612528,0.7254783511161804,0.3736068407694499,0.7089460690816244,0.5794186592102051,0.7307029962539673,0.3921353916327159,0.7419907848040262,154
177.05,178.15,131.74,116.24,168.18,145.34,164.5,172.03,0.5472016533215841,0.4648159941037496,0.6021337707837423,0.45978455742200214,0.5656936764717102,0.4542284409205119,0.7094148596127828,0.46958017349243164,0.6090729435284933,0.42453063527743023,0.7923689683278402,0.4746222694714864,0.6153406500816345,0.4196433424949646,0.812744140625,0.4779725968837738,0.615074356396993,0.41849610209465027,0.8102803428967794,0.47592103481292725,0.6156409581502279,0.4221121470133464,0.8031908273696899,0.4749031861623128,0.5291278958320618,0.5692936380704244,0.5342040061950684,0.5697100957234701,0.5360220074653625,0.6415585478146871,0.5026734073956808,0.6441360712051392,0.528011699517568,0.7118541995684305,0.39627113938331604,0.7096179326375326,0.5078305999437968,0.7255348563194275,0.3742644786834717,0.7077864209810892,0.579753557840983,0.7310009201367696,0.39201775193214417,0.741943895816803,155
175.7,179.78,129.57,116.05,167.32,144.0,164.16,171.08,0.5463172992070516,0.46456878383954364,0.601894199848175,0.4601903557777405,0.5666680932044983,0.45251548290252686,0.708452045917511,0.4707975188891093,0.609577457110087,0.42253311475118,0.7867494026819865,0.47804147005081177,0.6142395734786987,0.4221065044403076,0.8070320089658102,0.4818218946456909,0.616595725218455,0.4177959163983663,0.8037993311882019,0.4798474609851837,0.6160451372464498,0.42048848668734234,0.7964139779408773,0.4787740806738536,0.5287132660547892,0.5694236159324646,0.5346412658691406,0.5700815717379252,0.5361572106679281,0.6417047381401062,0.5032327771186829,0.6443531513214111,0.528018593788147,0.7119199832280477,0.3972559372584025,0.7094053824742635,0.5077754656473795,0.7255773941675822,0.3753363887468974,0.7074856162071228,0.5799985329310099,0.7311933239301046,0.3922690451145172,0.7417662938435873,156
174.64,179.3,129.46,115.05,167.03,144.04,165.1,171.25,0.5451990763346354,0.46427974104881287,0.601631780465444,0.46052390336990356,0.5531603495279948,0.4681178530057271,0.7075255115826925,0.47190843025843304,0.5902749498685201,0.46060765782992047,0.7814655502637228,0.48136770725250244,0.5932463010152181,0.4642982582251231,0.8015907605489095,0.48596347371737164,0.5994356870651245,0.459285169839859,0.7977536718050638,0.48382632931073505,0.5992887218793234,0.4598999222119649,0.7898261944452921,0.48279457290967304,0.5285759369532267,0.5693585077921549,0.5347682237625122,0.570127010345459,0.536384642124176,0.6417832771937052,0.5043368736902872,0.6445402105649313,0.5279740293820699,0.712147573630015,0.3981331984202067,0.7092228134473165,0.5076763232549032,0.7257594664891561,0.37617265184720355,0.7071841955184937,0.5800394415855408,0.7312543789545695,0.3926923672358195,0.7417667905489603,157
116.88,177.4,18.67,114.65,166.74,142.7,165.31,170.23,0.5441138744354248,0.4642130931218465,0.601706862449646,0.4605615536371867,0.5344910224278768,0.4853897988796234,0.7070220708847046,0.47287416458129883,0.5653956135114034,0.4966185390949249,0.779736856619517,0.4848696092764537,0.5657759110132853,0.5043460031350454,0.7993424932161967,0.4905550181865692,0.5755412181218466,0.4994695583979289,0.7968673308690389,0.48826248447100323,0.5770812829335531,0.4977371295293172,0.7885348002115885,0.4875662724177043,0.5282253424326578,0.5693895816802979,0.5350495974222819,0.5702932675679525,0.5364658832550049,0.641883651415507,0.5052187442779541,0.6448165774345398,0.527897834777832,0.7123800913492838,0.3990224103132884,0.7092035412788391,0.5076145927111307,0.7259325186411539,0.37697630127271015,0.7072839339574178,0.5800382296244303,0.7313341697057089,0.39397050937016803,0.7417325973510742,158
103.88,175.2,28.03,114.12,165.99,142.38,164.37,170.13,0.5437747240066528,0.4641080896059672,0.6017811298370361,0.46053823828697205,0.5166870355606079,0.5033630728721619,0.7048150102297465,0.4734681149323781,0.5428301890691122,0.5356297095616659,0.7779441873232523,0.489298552274704,0.5430872241655985,0.5447784662246704,0.7959915598233541,0.49629249175389606,0.5530184706052145,0.5434379378954569,0.7944611310958862,0.49435681104660034,0.5560445785522461,0.539777417977651,0.7864219546318054,0.49326372146606445,0.5279693603515625,0.5693106651306152,0.5353624224662781,0.5703274011611938,0.5365574955940247,0.6420039931933085,0.5063518683115641,0.6452127695083618,0.5278177062670389,0.7126251260439554,0.3997255762418111,0.7094460328420004,0.5075387159983317,0.7261548042297363,0.3773136834303538,0.7078169385592142,0.5801132917404175,0.7314078609148661,0.3949264685312907,0.7425715327262878,159
99.89,172.42,29.73,113.26,165.89,141.64,164.48,169.65,0.5436418851216634,0.4641047716140747,0.6022126277287801,0.4605305294195811,0.5107168753941854,0.5076278646787008,0.7029774785041809,0.4746994078159332,0.5377026796340942,0.5423500935236613,0.7764151493708292,0.4936444163322449,0.5382308959960938,0.552159051100413,0.7932493686676025,0.5008462965488434,0.5481574336687723,0.5509542425473531,0.7922912041346232,0.49962220589319867,0.5511398116747538,0.5470883250236511,0.7846829493840536,0.49823500712712604,0.5277288357416788,0.5693222085634867,0.536203662554423,0.5705387592315674,0.5365601976712545,0.6421667138735453,0.5076091885566711,0.6458072264989217,0.5276961525281271,0.7126607894897461,0.4007936815420787,0.7095866203308105,0.5074765483538309,0.7261459231376648,0.37813446919123334,0.7080320715904236,0.5790229638417562,0.7314119736353556,0.39591293533643085,0.7432140310605367,160
110.08,173.16,27.79,111.45,165.88,140.91,164.61,169.73,0.5428118308385214,0.4639739692211151,0.6028487284978231,0.4605267345905304,0.5076138178507487,0.5110064347585043,0.7013990879058838,0.4761640628178914,0.5372482538223267,0.5483227173487345,0.7738703687985738,0.4976472854614258,0.5376856724421183,0.5597614049911499,0.7892205516497294,0.5048146446545919,0.5477765599886576,0.5582636594772339,0.7887722253799438,0.5044625997543335,0.550502598285675,0.5542244712511698,0.7818552652994791,0.5029581983884176,0.5277195771535238,0.5692165295282999,0.5372682015101115,0.5706262985865275,0.5367193420728048,0.6423224012056986,0.5093409021695455,0.6463307936986288,0.5275904337565104,0.7127043604850769,0.40209031105041504,0.7096989353497823,0.507432242234548,0.7261377374331156,0.37964121500651044,0.7080597082773844,0.5775614976882935,0.7313575943311056,0.39589226245880127,0.7439472675323486,161
103.22,171.85,28.55,110.57,165.0,139.92,165.37,169.02,0.5422951976458231,0.46402181188265484,0.6034999291102091,0.46056527892748517,0.5066778262456259,0.5123933951059977,0.7001281579335531,0.4775036970774333,0.5367613633473715,0.5505649050076803,0.7703965504964193,0.500220795472463,0.5358217358589172,0.562594989935557,0.7848072052001953,0.506943424542745,0.5459794600804647,0.5611675381660461,0.7844209869702657,0.5069018801053365,0.5487221876780192,0.5570761561393738,0.7778835495313009,0.5055267612139384,0.5277358094851176,0.5691108902295431,0.5383415023485819,0.5707131226857504,0.5367396076520284,0.6424238681793213,0.511728564898173,0.6466817061106364,0.5273532072703043,0.7127368450164795,0.4037409822146098,0.7095385392506918,0.5073508222897848,0.7261309425036112,0.3815404673417409,0.7074596285820007,0.5756566921869913,0.7312391996383667,0.39691372712453205,0.7440664172172546,162
102.23,171.0,29.1,109.94,165.3,137.68,165.35,167.33,0.5419798493385315,0.4640082021554311,0.6042797764142355,0.4605860610802968,0.5065648158391317,0.5113328099250793,0.6987325549125671,0.4785531560579936,0.5361214876174927,0.5467198292414347,0.7655871907869974,0.502556045850118,0.533325731754303,0.56014351050059,0.7787003914515177,0.5096205274264017,0.5432059168815613,0.558785080909729,0.7782867352167765,0.5096303621927897,0.5460111896197001,0.554682195186615,0.7724385857582092,0.5081302523612976,0.5277982552846273,0.568848192691803,0.5392730236053467,0.5705971121788025,0.5367618997891744,0.6424102385838827,0.5140556494394938,0.6468191742897034,0.5269948840141296,0.7127505342165629,0.4052471915880839,0.7093822161356608,0.5072320699691772,0.7261189222335815,0.3830205798149109,0.7066436409950256,0.5745359857877096,0.731194535891215,0.39768607417742413,0.7444246212641398,163
104.53,170.14,29.7,108.87,165.14,137.0,165.32,166.82,0.5424759984016418,0.4642624258995056,0.6056278745333353,0.46063177784283954,0.5061385631561279,0.5110955238342285,0.6978422403335571,0.47983255982398987,0.5359540383021036,0.5453680753707886,0.7615625460942587,0.5050228635470072,0.5323257644971212,0.5588204264640808,0.773148775100708,0.5121007363001505,0.5419402519861857,0.5575102170308431,0.7726574937502543,0.5121582547823588,0.5447310407956442,0.5533647934595743,0.7673075199127197,0.510637362798055,0.5278167327245077,0.5684882005055746,0.5401234030723572,0.570318341255188,0.5366121927897135,0.642389198144277,0.5165559450785319,0.6469270984331766,0.5264591972033182,0.7127427657445272,0.4066007435321808,0.7088045080502828,0.5070198774337769,0.7261106967926025,0.3837924897670746,0.7052743236223856,0.5737023750940958,0.7311238249142965,0.39929792284965515,0.7445599635442098,164
96.79,169.25,30.58,108.41,164.57,134.73,164.94,164.61,0.5428804755210876,0.46440820892651874,0.6073307394981384,0.4606520434220632,0.5061687231063843,0.5112141569455465,0.6974559227625529,0.48120149970054626,0.5364570418993632,0.5447575648625692,0.7570512294769287,0.5070741971333822,0.5336370865503947,0.558450977007548,0.7678083976109823,0.5142108798027039,0.5430303414662679,0.5568889180819193,0.7667672038078308,0.5142614245414734,0.5457055568695068,0.5527113874753317,0.7615247567494711,0.512602170308431,0.5278368592262268,0.567807157834371,0.5408927202224731,0.5696382721265157,0.5365872979164124,0.6423686146736145,0.5185940861701965,0.6468152205149332,0.5260069568951925,0.712761402130127,0.40828020373980206,0.7080268462498983,0.506762425104777,0.7261129220326742,0.38524877031644184,0.7037145495414734,0.5729725559552511,0.7310540874799093,0.4001256227493286,0.744646151860555,165
98.13,168.61,29.18,108.24,164.57,133.7,164.81,162.82,0.5434417128562927,0.46457640329996747,0.6084937254587809,0.4606701036294301,0.5063259402910868,0.5114476879437765,0.6965297261873881,0.4820459584395091,0.5389470458030701,0.5432078838348389,0.7513431310653687,0.5078925093015035,0.5369392434755961,0.5565739274024963,0.761694331963857,0.5152597030003866,0.5478391647338867,0.555075486501058,0.7599954406420389,0.5152926246325175,0.5484840273857117,0.5507739981015524,0.7550744215647379,0.5135467648506165,0.5280445615450541,0.567044993241628,0.5412754019101461,0.5688246289889017,0.5365943710009257,0.6423298120498657,0.520554264386495,0.6466587781906128,0.5257352193196615,0.7127405206362406,0.4103918969631195,0.7070661385854086,0.5065576235453287,0.7260172168413798,0.38743168115615845,0.7021815776824951,0.5722915331522623,0.730985184510549,0.40125856796900433,0.7445695996284485,166
92.73,167.09,29.72,107.96,165.12,132.52,165.16,161.71,0.5440490444501241,0.4646013875802358,0.6088334321975708,0.46065428853034973,0.5073730150858561,0.5111805200576782,0.6952096621195475,0.4830400049686432,0.5409824649492899,0.5439783334732056,0.7463066577911377,0.5091227094332377,0.5394716461499532,0.556796113650004,0.7565547029177347,0.5172966519991556,0.5515663226445516,0.5554042855898539,0.7541224956512451,0.517447292804718,0.5505274732907613,0.5509568254152933,0.7492113908131918,0.5154755711555481,0.5287612676620483,0.5664393504460653,0.5414666732152303,0.5681552489598592,0.5366221865018209,0.6423055132230123,0.5219223697980245,0.646504541238149,0.5257056951522827,0.7127759257952372,0.4122488598028819,0.7064154346783956,0.5064709186553955,0.725967009862264,0.3894704580307007,0.7012608448664347,0.5727647145589193,0.7311013539632162,0.4024825692176819,0.744469404220581,167
97.31,166.56,30.14,106.44,166.14,131.74,166.66,161.27,0.5445257623990377,0.46434544523557025,0.6092701355616251,0.4606472849845886,0.5079730749130249,0.5107029477755228,0.6957722902297974,0.48482048511505127,0.5420506795247396,0.5449145237604777,0.7425067027409872,0.5114853978157043,0.5411749482154846,0.557248075803121,0.7512102921803793,0.5202844341595968,0.5540668368339539,0.5561075806617737,0.7479508519172668,0.5204113920529684,0.5519095063209534,0.5515109499295553,0.7431400020917257,0.5182608167330424,0.5294355551401774,0.5660321911176046,0.5420083800951639,0.5677313009897867,0.5367788672447205,0.6422662734985352,0.5235432783762614,0.6464863618214926,0.5256353616714478,0.7127842505772909,0.4137612283229828,0.7057547370592753,0.5064398447672526,0.7259395718574524,0.3908127148946126,0.70048060019811,0.5733559131622314,0.7311833699544271,0.40412749846776325,0.7443627516428629,168
100.29,163.75,29.58,105.22,165.29,130.42,166.34,160.21,0.5447615186373392,0.46394102772076923,0.6097315947214762,0.46063974499702454,0.5082811117172241,0.5105600555737814,0.696860690911611,0.48689359426498413,0.5411019126574198,0.5461941758791605,0.7397997975349426,0.5145443081855774,0.5404936869939169,0.5588603417078654,0.7468799750010172,0.5238720973332723,0.5522820949554443,0.557624618212382,0.7433456182479858,0.5243027607599894,0.5515387256940206,0.5530920227368673,0.7383102178573608,0.5219355622927347,0.5302779078483582,0.5656935373942057,0.5427393515904745,0.5673097372055054,0.5373661716779073,0.642244299252828,0.525326689084371,0.6464827259381613,0.5255666176478068,0.712837298711141,0.4155088762442271,0.7052812576293945,0.5064780712127686,0.7260330120722452,0.39251460631688434,0.7002090613047282,0.5741280515988668,0.7312609950701395,0.4061429301897685,0.744297444820404,169
100.39,160.95,30.1,104.46,164.23,129.55,166.82,159.35,0.5447883009910583,0.4634242057800293,0.61046834786733,0.46064836780230206,0.5086272756258646,0.5102137327194214,0.6978643337885538,0.48858535289764404,0.5400086442629496,0.5452322959899902,0.7357354958852133,0.5170056223869324,0.5394231279691061,0.559354325135549,0.7417067090670267,0.5268594821294149,0.5502609014511108,0.5581772526105245,0.7372466921806335,0.5273161927858988,0.5507591565450033,0.5536422928174337,0.732967734336853,0.5244175593058268,0.5310172239939371,0.5653441150983175,0.5436747272809347,0.5669799049695333,0.5387279192606608,0.6421319444974264,0.5272432565689087,0.6465394099553426,0.5254725416501363,0.7127759655316671,0.41738126675287884,0.7048153281211853,0.5064789652824402,0.7260239521662394,0.39422494173049927,0.6997366150220236,0.5738244851430258,0.731099009513855,0.4080677032470703,0.7443802158037821,170
100.62,157.27,30.33,103.54,161.41,128.87,166.55,159.05,0.5444258252779642,0.462933748960495,0.6109417080879211,0.46055038770039874,0.5088174740473429,0.5100579261779785,0.6977592507998148,0.4897451102733612,0.5376288294792175,0.54456893603007,0.7303269108136495,0.5202024181683859,0.5362792611122131,0.5591142376263937,0.7353798548380533,0.5302243034044901,0.5467383662859598,0.5579199194908142,0.7306087414423624,0.5306717952092489,0.5481763879458109,0.5534080068270365,0.7273471156756083,0.5273246566454569,0.5314695636431376,0.5649793744087219,0.5444309711456299,0.5665786862373352,0.5406287511189779,0.6418813467025757,0.529058833916982,0.6465967694918314,0.5254932045936584,0.712676465511322,0.41967523097991943,0.7045953671137491,0.5065430998802185,0.7259562015533447,0.39630311727523804,0.6995238860448202,0.5737996697425842,0.730975886185964,0.40996086597442627,0.7444347540537516,171
108.48,147.73,29.09,102.52,157.82,128.01,164.56,157.93,0.5439636707305908,0.4625738263130188,0.6116930643717448,0.4605332612991333,0.5092418789863586,0.5100041627883911,0.697674294312795,0.4910193880399068,0.5382469296455383,0.5445113976796468,0.7246874372164408,0.5233396490414938,0.5376607378323873,0.559025506178538,0.7286269267400106,0.533636470635732,0.5475848714510599,0.557921846707662,0.7229461669921875,0.5339364409446716,0.5492554704348246,0.5533487598101298,0.7208332022031149,0.5306796232859293,0.5320238471031189,0.5647445122400919,0.5450406273206075,0.5663888057072958,0.5428520838419596,0.64162810643514,0.5308842460314432,0.6467799345652262,0.5255291859308878,0.7125665744145712,0.4215416411558787,0.7040911515553793,0.5064482688903809,0.7258634368578593,0.39815594752629596,0.6985761721928915,0.5737263162930807,0.7308561404546102,0.41135592261950177,0.7443763812383016,172
102.47,142.31,29.19,101.95,155.59,126.07,164.86,156.39,0.5435190399487814,0.46236305435498554,0.6124266982078552,0.460486243168513,0.5089165965716044,0.5102715094884237,0.6974531610806783,0.4925059676170349,0.5390386978785197,0.5436518390973409,0.7195265889167786,0.5263485312461853,0.5393031239509583,0.556157131989797,0.7219803730646769,0.5367098848025004,0.5489821632703146,0.5553899804751078,0.7158098220825195,0.5372474789619446,0.5507045388221741,0.5524069666862488,0.7141580780347189,0.5342065294583639,0.5321727792421976,0.5644029577573141,0.5456490914026896,0.5660983920097351,0.5449279348055521,0.6412981947263082,0.5331815282503763,0.6468343933423361,0.5255656043688456,0.7124166488647461,0.4236059884230296,0.7035162448883057,0.5062671105066935,0.7256267666816711,0.40045662720998126,0.6979657411575317,0.5736693143844604,0.7308518091837565,0.41318899393081665,0.744094173113505,173
95.73,140.64,30.18,100.53,152.68,124.31,163.3,155.09,0.5430630644162496,0.4622807602087657,0.6131885449091593,0.46046210328737897,0.508426308631897,0.5104365348815918,0.6964811285336813,0.4933517078558604,0.5415311654408773,0.5422321160634359,0.7158213059107462,0.5269355177879333,0.5429152846336365,0.552929699420929,0.7175432046254476,0.5373798807462057,0.5525192022323608,0.5511523286501566,0.7110986709594727,0.5382035175959269,0.5537796020507812,0.5506221254666647,0.7094435095787048,0.5356417099634806,0.5326082507769266,0.5640465617179871,0.5464860995610555,0.5658319791158041,0.5466871658960978,0.6410919825236002,0.5352890888849894,0.6469558874766032,0.5255931814511617,0.7123134136199951,0.42545679211616516,0.7026784618695577,0.5059416890144348,0.7254257202148438,0.4028012752532959,0.6971669793128967,0.5735425353050232,0.7308477759361267,0.41508014996846515,0.7435723344484965,174
96.04,141.48,30.19,99.85,151.2,123.9,163.19,155.09,0.5432710448900858,0.46220526099205017,0.6139089465141296,0.4603590766588847,0.5092456142107645,0.5102496147155762,0.6954361399014791,0.49396318197250366,0.5417032639185587,0.5402698914210001,0.7136350274085999,0.5278186202049255,0.5434054533640543,0.5501722892125448,0.7144118944803873,0.538155198097229,0.5530644257863363,0.5468222300211588,0.7083000540733337,0.5389259258906046,0.5543367862701416,0.5490385890007019,0.7067755460739136,0.5363429188728333,0.5326153635978699,0.5636686285336813,0.5477087299029032,0.5655526717503866,0.5480522712071737,0.6408818165461222,0.5372224847475687,0.647024949391683,0.5254464944203695,0.7122440139452616,0.427307387193044,0.702132781346639,0.5054909586906433,0.7252397735913595,0.40501993894577026,0.6971122026443481,0.5728259881337484,0.7305803497632345,0.417534867922465,0.7426346143086752,175
100.84,139.89,27.49,98.94,149.49,123.67,161.61,155.28,0.5433199604352316,0.4621289571126302,0.6143865982691447,0.46023228764533997,0.5095997452735901,0.5099899967511495,0.6932878295580546,0.49391547838846844,0.5384636322657267,0.5395818948745728,0.712152103583018,0.5277725060780843,0.5406143665313721,0.550284186999003,0.7127406001091003,0.5384556452433268,0.5493233998616537,0.545076052347819,0.7072888016700745,0.5389169255892435,0.5514650344848633,0.5483536918958029,0.7054789662361145,0.5362290143966675,0.532532533009847,0.5632250507672628,0.5494560996691386,0.5651664137840271,0.5488994916280111,0.6408061981201172,0.5390773812929789,0.6471555630366007,0.5252928137779236,0.7122710744539896,0.4294601579507192,0.7016949454943339,0.505098025004069,0.7252260247866312,0.4073834816614787,0.6969989736874899,0.5725799401601156,0.7303267518679301,0.42021745443344116,0.7418875495592753,176
105.83,145.33,29.5,97.05,148.74,123.43,161.19,156.04,0.5435837109883627,0.4620954990386963,0.6146135727564493,0.460155725479126,0.5097888906796774,0.5097627838452657,0.6913309295972189,0.4939619203408559,0.535129984219869,0.5390150745709738,0.7111090222994486,0.5282512307167053,0.5366774400075277,0.5511271953582764,0.711201548576355,0.5393572449684143,0.5448917349179586,0.5463104446729025,0.7061892747879028,0.5396843949953715,0.5478997429211935,0.5483678778012594,0.7045867244402567,0.5365892052650452,0.5324613054593405,0.5627731680870056,0.5507674018541971,0.5647171338399252,0.5495385924975077,0.6407632629076639,0.5413536429405212,0.6472290953000387,0.5251291394233704,0.7122863531112671,0.4318661590417226,0.7015219330787659,0.5048003991444906,0.7251869837443033,0.40969155232111615,0.6970404585202535,0.572388231754303,0.7300828297932943,0.4229133327802022,0.7413007616996765,177
105.19,145.97,30.06,96.84,148.19,121.57,161.24,154.0,0.5427620013554891,0.4618051548798879,0.6148251891136169,0.4600817660490672,0.508547862370809,0.5099313060442606,0.6887360016504923,0.4937386214733124,0.5314153830210367,0.5391337076822916,0.709233025709788,0.5282106002171835,0.5313781897226969,0.5521674752235413,0.7090136408805847,0.5394856731096903,0.5397454698880514,0.5484701792399088,0.7044615944226583,0.5399039189020792,0.5432579120000204,0.5485844016075134,0.7026913563410441,0.5365920464197794,0.5322969754536947,0.5621536572774252,0.5518430471420288,0.5640268127123514,0.5499687393506368,0.6407285531361898,0.5438548922538757,0.647216816743215,0.5250992178916931,0.7122501929601034,0.4347163736820221,0.7014154593149821,0.5046504139900208,0.7251515587170919,0.411755234003067,0.6969656546910604,0.573123554388682,0.7301146586736044,0.42564842104911804,0.7410991390546163,178
108.58,144.38,28.81,96.27,147.53,120.71,161.69,152.79,0.5416009028752645,0.46128098169962567,0.6150636275609335,0.45998478929201764,0.508882482846578,0.5099760890007019,0.6862359245618185,0.4935325086116791,0.5318561792373657,0.5397977431615194,0.7063645323117574,0.5284227728843689,0.5299063920974731,0.5537977615992228,0.7052045265833536,0.5393789410591125,0.539398193359375,0.5512466828028361,0.700731098651886,0.5399952530860901,0.5425336360931396,0.5490938027699789,0.699623723824819,0.5367288390795389,0.532137135664622,0.561759352684021,0.5519896348317465,0.5634711980819702,0.5503382086753845,0.6407272617022196,0.5459930300712585,0.6472160816192627,0.5250575939814249,0.7122328678766886,0.4375225901603699,0.7013898690541586,0.5045450925827026,0.7251763741175333,0.4139401813348134,0.6969408591588339,0.5734834671020508,0.7301363547643026,0.4283645848433177,0.7408629059791565,179
111.75,145.36,26.62,95.19,146.94,119.64,161.99,151.42,0.5408939321835836,0.46070146560668945,0.6157323519388834,0.4601448078950246,0.5101420680681864,0.510003666083018,0.6839908560117086,0.4934889276822408,0.5320042371749878,0.5410493413607279,0.7024580637613932,0.5288739999135336,0.5293139417966207,0.5552357037862142,0.7007922132809957,0.5396749973297119,0.539166529973348,0.5532658298810323,0.6963454484939575,0.540287454922994,0.5421003897984823,0.549951990445455,0.6952318549156189,0.5371020634969076,0.5316083828608195,0.5615152517954508,0.5523929794629415,0.5631923874219259,0.550445040067037,0.640725334485372,0.5484311580657959,0.6472059090932211,0.5250215331713358,0.7122191190719604,0.4403104881445567,0.7011625568072001,0.5044692158699036,0.7252233624458313,0.4160080949465434,0.6968031326929728,0.5729397932688395,0.7299620906511942,0.43103641271591187,0.7406076788902283,180
118.31,141.07,24.61,95.1,146.68,117.32,160.4,149.16,0.5410584410031637,0.46037204066912335,0.6161895593007406,0.46015209952990216,0.5114767551422119,0.5102800726890564,0.6820804278055826,0.49353164434432983,0.5323161085446676,0.5442002216974894,0.699498176574707,0.5297378102938334,0.5298237601915995,0.5574415524800619,0.6980332334836324,0.5405303835868835,0.5397272308667501,0.5556222995122274,0.6932479540506998,0.541110118230184,0.542490025361379,0.5515348315238953,0.6922131578127543,0.5378626386324564,0.5310648878415426,0.5613260269165039,0.5527154604593912,0.5629040598869324,0.5502941012382507,0.640768031279246,0.5511033336321512,0.6472176512082418,0.5249581933021545,0.7122767964998881,0.44384726881980896,0.7009397149085999,0.5045793255170187,0.7254466613133749,0.4183661937713623,0.6965788205464681,0.5728328625361124,0.729966938495636,0.43403614560763043,0.7404722571372986,181
122.83,141.28,23.79,94.2,147.03,116.16,159.82,147.61,0.5417738159497579,0.460228572289149,0.6170079310735067,0.4602614144484202,0.5122361183166504,0.5104905366897583,0.6812907059987386,0.49435439705848694,0.5316272775332133,0.5464200576146444,0.6963789463043213,0.5312948624293009,0.5288727879524231,0.5590886274973551,0.6949391961097717,0.5419469078381857,0.5389504830042521,0.5573868155479431,0.6901723543802897,0.5423880219459534,0.5417081713676453,0.5529611508051554,0.6885556578636169,0.539266049861908,0.5305201609929403,0.5611357688903809,0.5533922712008158,0.5626522898674011,0.5500942269961039,0.6407806674639384,0.5541538993517557,0.6472176512082418,0.5248608390490214,0.7123609979947408,0.4476457138856252,0.7007108926773071,0.504742701848348,0.7258286277453104,0.4207031230131785,0.6962513327598572,0.5728471080462137,0.7299743890762329,0.437486191590627,0.7400924364725748,182
122.21,138.07,23.84,92.42,146.6,115.0,159.26,146.14,0.5429458022117615,0.46010852853457135,0.6181948979695638,0.46021397908528644,0.5126576622327169,0.510711669921875,0.6810133258501688,0.4970223009586334,0.5315379500389099,0.54794842004776,0.6937209963798523,0.5331154465675354,0.5286303758621216,0.5600193540255228,0.6919138431549072,0.5436615943908691,0.5388895670572916,0.5580838720003763,0.6865427295366923,0.54397581020991,0.5416813095410665,0.553753117720286,0.6851850946744283,0.5410528182983398,0.5303986867268881,0.560951312383016,0.554169495900472,0.5623913009961446,0.550022542476654,0.6407924095789591,0.5563502113024393,0.6472176710764567,0.5246373812357584,0.712450385093689,0.4512142340342204,0.7006935079892477,0.5047821998596191,0.7262266079584757,0.42304720481236774,0.6960203448931376,0.573585589726766,0.7301350037256876,0.441178301970164,0.7397435307502747,183
121.6,139.27,23.79,88.53,146.42,115.3,158.22,145.62,0.5436601638793945,0.46009989579518634,0.6193349957466125,0.46033960580825806,0.5127251545588175,0.5106912652651469,0.6803963581720988,0.4993264277776082,0.5301446318626404,0.5475404461224874,0.6910106937090555,0.5343137184778849,0.527734120686849,0.5598364075024923,0.688594381014506,0.54485023021698,0.5365928411483765,0.5583787361780802,0.6826656262079874,0.5450579325358073,0.5395720402399699,0.554098884264628,0.681418240070343,0.5422372420628866,0.5300161043802897,0.5608441829681396,0.5551769137382507,0.5623224576314291,0.5495857199033102,0.6406275232632955,0.5588947137196859,0.6471791863441467,0.5244514346122742,0.7125033140182495,0.4535478552182515,0.7006763021151224,0.5049407283465067,0.7264614899953207,0.42493117849032086,0.6958925525347391,0.5737025141716003,0.7300712664922079,0.44462934136390686,0.7393284241358439,184
126.11,140.76,23.56,87.89,147.81,112.94,158.04,144.19,0.5447097222010294,0.46014737089474994,0.6206258535385132,0.46057361364364624,0.5129556655883789,0.510695735613505,0.6792114774386088,0.5014790097872416,0.5286435484886169,0.5482144554456075,0.6887372930844625,0.5349370439847311,0.5273736913998922,0.5601340333620707,0.6857949495315552,0.5456441044807434,0.5351040363311768,0.5590428113937378,0.6793683767318726,0.5456684033075968,0.5381396611531576,0.5547585884730021,0.6786405444145203,0.5428319374720255,0.5293317437171936,0.5610132416089376,0.5561087330182394,0.5628861784934998,0.5486459533373514,0.6404231985410055,0.5613689223925272,0.6471526424090067,0.5243070721626282,0.712523361047109,0.45562800765037537,0.7006133794784546,0.5051444371541342,0.7266658941904703,0.4268096884091695,0.6958006223042806,0.5736628770828247,0.7300030787785848,0.447583943605423,0.7388044397036234,185
127.81,142.48,23.06,85.43,148.81,111.48,156.73,142.74,0.5453793207804362,0.4601838290691376,0.6212884187698364,0.4608202278614044,0.5136049191157023,0.5104739467302958,0.6768365104993185,0.5016689697901408,0.5281905134518942,0.5478993058204651,0.6871204773585001,0.53486434618632,0.5280062357584635,0.5605044563611349,0.6837766170501709,0.5458077987035116,0.5351760188738505,0.5597024162610372,0.6775254011154175,0.5457688172658285,0.5382313330968221,0.5553062558174133,0.6770338217417399,0.5427690744400024,0.5283498167991638,0.5612978339195251,0.5574719905853271,0.5635992685953776,0.5467214186986288,0.6400972604751587,0.5644637743631998,0.6470854679743449,0.5244051814079285,0.7125023206075033,0.4576004942258199,0.7005332907040914,0.5058769583702087,0.7268004814783732,0.42817731698354083,0.6956682205200195,0.5741986831029257,0.7299909790356954,0.45107510685920715,0.7383290529251099,186
125.26,147.53,21.58,83.04,152.66,110.91,157.21,143.17,0.5457995533943176,0.46013543009757996,0.6220532059669495,0.4610428214073181,0.5142903923988342,0.5102495352427164,0.6737082203229269,0.5020886460940043,0.5296097000439962,0.5477115511894226,0.6856592496236166,0.5348447362581888,0.5301748514175415,0.5607146819432577,0.6821979880332947,0.5459236900011698,0.5389008522033691,0.5595014890034994,0.676240344842275,0.5458407998085022,0.5418268839518229,0.5551738341649374,0.6756992141405741,0.5427427093187968,0.5274868011474609,0.561620314915975,0.5589269995689392,0.5643431146939596,0.5449019471804301,0.6397310495376587,0.5668931206067404,0.6469751397768656,0.5244418183962504,0.7124688625335693,0.4602569043636322,0.7004363338152567,0.5061901609102885,0.7268949548403422,0.430259774128596,0.6955854098002116,0.5742658575375875,0.7298779288927714,0.4551739494005839,0.7379352450370789,187
123.67,155.48,21.15,80.18,153.73,110.97,157.68,143.29,0.5466194152832031,0.4600777526696523,0.6226046880086263,0.46129486958185834,0.5155412157376608,0.5102624098459879,0.6713297963142395,0.5033576289812723,0.5315086046854655,0.547520379225413,0.6828542749087015,0.5345808466275533,0.5328076680501302,0.5607840021451315,0.6794237097104391,0.5458082358042399,0.5423778096834818,0.5592824816703796,0.6731969118118286,0.5456220706303915,0.5451618234316508,0.5549588402112325,0.6716248591740926,0.5425552924474081,0.5270611246426901,0.5617438554763794,0.560593843460083,0.5645276308059692,0.5435537894566854,0.6392228205998739,0.5692264238993326,0.6468193928400675,0.5244096318880717,0.712418774763743,0.46277140577634174,0.7004038492838541,0.5062950452168783,0.7268153627713522,0.4320584535598755,0.695552666982015,0.5742390354474386,0.7297442555427551,0.4592013756434123,0.7379532257715861,188
126.16,149.36,19.92,77.29,153.59,110.31,156.39,142.6,0.5474038124084473,0.46011629700660706,0.622958262761434,0.4615110158920288,0.5166267156600952,0.5104607343673706,0.6697892347971598,0.5044556856155396,0.5347533226013184,0.5483832160631815,0.680581788221995,0.5343818863232931,0.5370458761850992,0.5602606534957886,0.6776805718739828,0.5455764532089233,0.5475443204243978,0.5572665135065714,0.6710129976272583,0.5453194379806519,0.549437681833903,0.5542632937431335,0.669139564037323,0.5423831542332967,0.5269118348757426,0.5616544087727865,0.5615977644920349,0.5643119414647421,0.5429662664731344,0.6387570897738138,0.5713032682736715,0.646681567033132,0.5242615739504496,0.7124168872833252,0.46536847949028015,0.7003318667411804,0.5061724980672201,0.7267837127049764,0.4342389404773712,0.6955566803614298,0.573576827843984,0.7294840216636658,0.46368852257728577,0.7378013730049133,189
119.47,151.09,19.02,77.51,154.65,109.15,156.41,141.47,0.5492351651191711,0.46027015646298725,0.6232794920603434,0.4617811342080434,0.5191440184911092,0.5105650822321574,0.6681223114331564,0.5066781441370646,0.5423563122749329,0.5483307838439941,0.6771792968114217,0.5344988703727722,0.545644481976827,0.5587382912635803,0.6750567356745402,0.5454388459523519,0.5551595489184061,0.5544972817103068,0.6676608324050903,0.5450639724731445,0.5566570361455282,0.5527043143908182,0.664832592010498,0.5420453747113546,0.5270803372065226,0.5615032911300659,0.5622472763061523,0.5640512108802795,0.5426541765530905,0.6380826036135355,0.5734322667121887,0.6465575297673544,0.523926854133606,0.7122213443120321,0.4669271409511566,0.7002541422843933,0.506045381228129,0.7266586820284525,0.4362371265888214,0.6955619653066,0.5735503832499186,0.7293587923049927,0.4674464464187622,0.7373505433400472,190
108.52,158.95,16.66,72.48,154.75,107.67,155.68,140.31,0.5510408480962118,0.4605990449587504,0.6232169071833292,0.46186543504397076,0.5219489733378092,0.5103340347607931,0.6660451491673788,0.5077105164527893,0.5515137712160746,0.5470619996388754,0.6757106781005859,0.5347454150517782,0.555668294429779,0.5561990340550741,0.6747728784879049,0.5452795823415121,0.5644400914510092,0.5499840974807739,0.6670747796694437,0.5449191133181254,0.5658342242240906,0.5502175490061442,0.6639193495114645,0.541653037071228,0.5275191068649292,0.561273435751597,0.5624865094820658,0.5637218157450358,0.5421059330304464,0.6375816663106283,0.5753965179125468,0.6464544336001078,0.5235760807991028,0.7118442257245382,0.46900641918182373,0.7001591722170512,0.5060582160949707,0.7265374064445496,0.4400465488433838,0.6958816647529602,0.5734878579775492,0.729170044263204,0.47150739034016925,0.7367807428042094,191
105.57,160.06,15.8,71.51,156.12,106.94,156.0,139.21,0.5528805454572042,0.461068054040273,0.6232804258664449,0.46206560730934143,0.5251567562421163,0.5107940038045248,0.6640853484471639,0.5112332304318746,0.5575720270474752,0.547144333521525,0.670538584391276,0.5349766214688619,0.5619532068570455,0.5559047857920328,0.6721852024396261,0.5451580484708151,0.5693370302518209,0.550310750802358,0.6634193460146586,0.5433590412139893,0.571328858534495,0.5498855113983154,0.660289486249288,0.5406648715337118,0.5280631383260092,0.5612388253211975,0.5626088579495748,0.5636728207270304,0.5415698687235514,0.6371036370595297,0.577187975247701,0.6463305354118347,0.5232200225194296,0.710922102133433,0.47120268146197003,0.7000948389371237,0.5059976577758789,0.7260888616243998,0.4431936542193095,0.6961809396743774,0.5721832911173502,0.7288607557614645,0.4748269021511078,0.7363826036453247,192
113.4,142.0,13.21,67.81,156.99,106.09,156.3,137.95,0.5541455745697021,0.4617028832435608,0.6235400636990865,0.4625119169553121,0.5275131464004517,0.5131532351175944,0.6635197599728903,0.5134282906850179,0.5584754546483358,0.5494512319564819,0.6679973006248474,0.5353804429372152,0.5623993873596191,0.5585816303888956,0.671010434627533,0.5450333952903748,0.570198138554891,0.5526869893074036,0.6617612441380819,0.5418973167737325,0.5720439553260803,0.5524282256762186,0.6590632001558939,0.5399580200513204,0.528619388739268,0.561385711034139,0.5626336932182312,0.5636983712514242,0.5407764116923014,0.6369982759157816,0.5789990425109863,0.646222988764445,0.5231759548187256,0.7098528544108073,0.4740929901599884,0.7000371615091959,0.5072186787923177,0.7256313562393188,0.4471645752588908,0.6967134277025858,0.5707610249519348,0.7284959157307943,0.4788350562254588,0.7360593676567078,193
117.62,153.84,10.18,68.37,158.78,104.8,157.22,136.06,0.5546745260556539,0.46238042910893756,0.6238165497779846,0.46298758188883465,0.5288956761360168,0.5154850482940674,0.663259486357371,0.514966090520223,0.5571876565615336,0.5518540143966675,0.6643287340799967,0.5357521176338196,0.5606494347254435,0.5616050362586975,0.668410579363505,0.5448169708251953,0.5690639217694601,0.5564113855361938,0.6588428417841593,0.5405027468999227,0.5702927907307943,0.5553404887517294,0.6572644114494324,0.5393426815668741,0.52892005443573,0.5616237918535868,0.5626294811566671,0.5638469457626343,0.54008416334788,0.6368407805760702,0.5807425181070963,0.6461108128229777,0.5231377879778544,0.7089438438415527,0.4767863651116689,0.6999008059501648,0.5084043542544047,0.7252118786176046,0.44939640164375305,0.696938176949819,0.5693782965342203,0.7281004389127096,0.4827987651030223,0.735614279905955,194
117.64,141.12,10.74,69.15,159.25,103.94,157.52,135.01,0.5552815794944763,0.46285687883694965,0.6240034898122152,0.46329063177108765,0.5298986832300822,0.5163336793581644,0.6607616742451986,0.5131431619326273,0.5591984391212463,0.5510942339897156,0.66496874888738,0.5361278057098389,0.5632719198862711,0.5604587197303772,0.6675984859466553,0.5441969633102417,0.5719038248062134,0.5550984541575114,0.6592767039934794,0.540536125500997,0.5728092590967814,0.5546115239461263,0.6571108102798462,0.539280374844869,0.5293830235799154,0.5616499781608582,0.5626633564631144,0.5638519922892252,0.5395572582880656,0.6367470820744833,0.5823478102684021,0.6460293730099996,0.5230828126271566,0.7084776957829794,0.47971270481745404,0.6997630397478739,0.5094785094261169,0.7250940203666687,0.4526704251766205,0.697303831577301,0.5694304903348287,0.7279009819030762,0.486928790807724,0.7350554863611857,195
108.32,165.19,11.22,65.6,160.02,103.76,158.05,134.38,0.5558983087539673,0.46305010716120404,0.6240644653638204,0.46329425772031146,0.5307076970736185,0.5172890027364095,0.6588519811630249,0.5123017231623331,0.5606704155604044,0.5520867109298706,0.6646957596143087,0.5362721880276998,0.5652897755304972,0.5616345405578613,0.6661703189214071,0.5436797738075256,0.5737339456876119,0.556127111117045,0.6591035525004069,0.5408332745234171,0.5749134023984274,0.5558128754297892,0.6566424568494161,0.5392247835795084,0.5297587513923645,0.5617320338884989,0.5626948873202006,0.5640272299448649,0.5393929878870646,0.6366079449653625,0.5841299096743265,0.6459918220837911,0.522957424322764,0.7083731492360433,0.4828929007053375,0.6995118459065756,0.5091242591540018,0.7251643141110738,0.45523082216580707,0.6976956526438395,0.56944340467453,0.7277131279309591,0.4906218747297923,0.7346123059590658,196
117.15,166.54,8.38,65.18,160.04,101.94,157.93,132.6,0.5563701192537943,0.4629012842973073,0.6240846912066141,0.46317803859710693,0.5325322349866232,0.5179027915000916,0.6571380694707235,0.5112378398577372,0.5637428561846415,0.5529787341753641,0.6660244464874268,0.5364511013031006,0.5688297351201376,0.5626874566078186,0.6663457155227661,0.5435056686401367,0.576857844988505,0.5570268034934998,0.6604734659194946,0.5411722660064697,0.578399121761322,0.5568308631579081,0.6570631861686707,0.539241631825765,0.5301403800646464,0.5617978970209757,0.5627361536026001,0.5641846060752869,0.5393682320912679,0.6365764339764913,0.5863739053408304,0.6459176143010458,0.522970974445343,0.7083085576693217,0.48635826508204144,0.6992571949958801,0.5087649822235107,0.725418210029602,0.45850425958633423,0.6982975204785665,0.5696163376172384,0.7275922894477844,0.495400865872701,0.7336576183636984,197
119.06,163.02,6.25,66.6,160.21,100.14,158.35,130.83,0.5564395189285278,0.4628152946631114,0.6245499650637308,0.4632035692532857,0.5342441201210022,0.5190998315811157,0.6576597094535828,0.5119085311889648,0.5657318234443665,0.5538098613421122,0.6670417189598083,0.5367599725723267,0.5709589521090189,0.5637906789779663,0.6666391690572103,0.5437529484430949,0.5788798332214355,0.558572510878245,0.6621021827061971,0.5415254235267639,0.580380896727244,0.5576147238413492,0.6579088370005289,0.5393712321917216,0.5303521951039633,0.5620249708493551,0.5628392299016317,0.5644614696502686,0.5393814841906229,0.6365399956703186,0.5884641210238138,0.645891527334849,0.523001511891683,0.7083548307418823,0.48931514223416644,0.6989514430363973,0.5084040562311808,0.7258442640304565,0.46123847365379333,0.6987589200337728,0.5697451631228129,0.7274837692578634,0.4991386930147807,0.7327641646067301,198
112.58,169.91,5.64,64.93,160.48,99.99,158.79,130.1,0.5564254919687907,0.4627256393432617,0.6249403556187948,0.46325555443763733,0.5353886683781942,0.519237756729126,0.6579199234644572,0.512401799360911,0.5677431027094523,0.552353302637736,0.6660146911938986,0.5364722808202108,0.5730377634366354,0.5620180169741312,0.6658997138341268,0.5430283149083456,0.5812560717264811,0.5576903621355692,0.6615435679753622,0.5408908128738403,0.5821254253387451,0.5558062195777893,0.6565994024276733,0.5390127698580424,0.5307515859603882,0.5621545116106669,0.5629881223042806,0.5646368463834127,0.5394054452578226,0.6365603804588318,0.5909176270167033,0.6457921663920084,0.5230576197306315,0.707909365495046,0.49189355969429016,0.6987689733505249,0.5083823601404825,0.7252729733784994,0.4637814561525981,0.6990744471549988,0.5697617332140604,0.7273393273353577,0.5028863747914633,0.73201984167099,199
113.96,160.31,5.93,64.38,160.69,97.35,159.52,127.83,0.5566443204879761,0.4627523918946584,0.6253887613614401,0.46350664893786114,0.5382418235143026,0.5196068088213602,0.6575597127278646,0.5148608684539795,0.5733425617218018,0.5493238568305969,0.6636906266212463,0.5356306433677673,0.579386313756307,0.5578473011652628,0.6646077632904053,0.5414623816808065,0.5872688889503479,0.5543820063273112,0.6602047483126322,0.5390026172002157,0.5876031915346781,0.5516247550646464,0.6543949643770853,0.5374879240989685,0.531184732913971,0.5623325308163961,0.5632956425348917,0.5648964842160543,0.5394798715909322,0.636471668879191,0.5932386914889017,0.6457581122716268,0.5230633020401001,0.7067361275355021,0.49413445591926575,0.6986510157585144,0.5083077748616537,0.7235385974248251,0.4661051531632741,0.699266235033671,0.5688652793566386,0.726948102315267,0.5055527885754904,0.7320797244707743,200
110.67,159.74,0.9,61.45,160.21,95.99,159.52,126.68,0.5568210482597351,0.4627605974674225,0.6254117886225382,0.46362029512723285,0.540118932723999,0.5201075275739034,0.6573176781336466,0.516451915105184,0.5758309563000997,0.5481645862261454,0.6606207688649496,0.5345977942148844,0.5818900465965271,0.5564186771710714,0.6632775465647379,0.5399397412935892,0.5896745920181274,0.552838921546936,0.6574952801068624,0.5372888247172037,0.5898412664731344,0.5500765641530355,0.6520432631174723,0.5359471042950948,0.5315269033114115,0.5625598033269247,0.5637127955754598,0.5652536352475485,0.5396836201349894,0.6363809108734131,0.5963565111160278,0.6456528703371683,0.5230537454287211,0.7053046822547913,0.49724750717480976,0.6986084779103597,0.5081547697385153,0.7214716871579488,0.46866336464881897,0.6995467742284139,0.5671922167142233,0.7263721823692322,0.5092673301696777,0.732196311155955,201
111.44,156.52,0.84,61.4,159.47,94.73,159.38,125.43,0.5570307572682699,0.46271732449531555,0.6254374384880066,0.4637076457341512,0.543475608030955,0.519638737042745,0.6567801038424174,0.5179202556610107,0.5793605446815491,0.5457903544108073,0.6590725978215536,0.5330743590990702,0.5854993263880411,0.553426464398702,0.6628822684288025,0.5376172661781311,0.5924733678499857,0.5502648949623108,0.6564173301060995,0.5337559978167216,0.5928161938985189,0.5472233096758524,0.6518572370211283,0.5329856872558594,0.5316924254099528,0.5627483526865641,0.5642330050468445,0.5655369361241659,0.5400179028511047,0.6362435221672058,0.5987467169761658,0.6455925305684408,0.5230495731035868,0.7040987809499105,0.5002381404240926,0.6985739469528198,0.5079508622487386,0.7201321125030518,0.4712046682834625,0.6999109387397766,0.5656869610150655,0.7257742881774902,0.5129962960879008,0.7322582403818766,202
116.21,159.58,2.42,60.28,158.8,94.15,159.07,124.92,0.5572208364804586,0.46257848540941876,0.6254664460817972,0.4637032449245453,0.5438604752222697,0.5191334883371989,0.6564006408055624,0.5181500713030497,0.5789898832639059,0.5444507996241251,0.6576516628265381,0.5325650175412496,0.5850858688354492,0.5521089633305868,0.6603287855784098,0.536340614159902,0.5919454296429952,0.549357275168101,0.6534563501675924,0.5317017833391825,0.5924017230669657,0.54625004529953,0.6506664951642355,0.5313273469607035,0.5318173170089722,0.562813421090444,0.564699113368988,0.5656339923540751,0.5407196482022604,0.6361872553825378,0.6012123028437296,0.6454009016354879,0.5230236649513245,0.7034842769304911,0.5039073824882507,0.6985690792401632,0.5076639652252197,0.7196590701738993,0.4733375608921051,0.7002779841423035,0.5649507641792297,0.725202480951945,0.5181354880332947,0.7322991490364075,203
109.92,149.85,1.24,59.55,156.77,93.32,158.13,123.48,0.5574518442153931,0.4624179005622864,0.6254836320877075,0.46366381645202637,0.5466695427894592,0.5184917449951172,0.6542830467224121,0.5185714562733968,0.5832839409510294,0.5409378210703532,0.6541815201441447,0.5313414335250854,0.5912637710571289,0.5484994451204935,0.6573264201482137,0.5346506039301554,0.5975369811058044,0.5460124810536703,0.6503946979840597,0.5294272502263387,0.5977733532587687,0.543000062306722,0.6475911339124044,0.5292385021845499,0.5318264166514078,0.5628310243288676,0.5650007526079813,0.5655999581019083,0.5412810643513998,0.6360336343447367,0.6034504572550455,0.6451345880826315,0.5228620767593384,0.7029980222384135,0.50717165072759,0.6986415783564249,0.5061202843983968,0.7192123532295227,0.4759640097618103,0.701097309589386,0.5647695263226827,0.7246339122454325,0.5243950883547465,0.7315623561541239,204
106.19,145.69,6.73,55.13,156.21,92.36,157.77,122.18,0.5575364033381144,0.4622549811999003,0.625640332698822,0.46363531549771625,0.547636886437734,0.5176810820897421,0.6525269349416097,0.5194602807362875,0.5878794193267822,0.5360231399536133,0.6498266657193502,0.5314921140670776,0.5971287488937378,0.54426376024882,0.6529017686843872,0.534904400507609,0.6021716197331747,0.5414024194081625,0.6459128657976786,0.529920240243276,0.6024673581123352,0.5381128589312235,0.6435568332672119,0.5292879939079285,0.5317336916923523,0.5628243486086527,0.5652811924616495,0.5655438701311747,0.5416889389355978,0.6359589894612631,0.6059205532073975,0.6448799769083658,0.522771974404653,0.7028249899546305,0.5104764501253763,0.6989471316337585,0.5046653151512146,0.7189734180768331,0.47820114096005756,0.7019684910774231,0.5646659731864929,0.7241804003715515,0.5294175942738851,0.7308736046155294,205
97.52,127.43,4.91,54.34,156.37,91.57,157.67,121.08,0.5575089255968729,0.4620847900708516,0.6260117292404175,0.46361438433329266,0.5494853059450785,0.5170547962188721,0.6511504252751669,0.5203147927920023,0.5928185184796652,0.531777818997701,0.6472078760464987,0.531636118888855,0.6027790109316508,0.5409154097239176,0.6514627734820048,0.5349143147468567,0.6076136628786722,0.5378694931666056,0.6442824800809225,0.5303698579470316,0.6079081296920776,0.5347204009691874,0.641756534576416,0.5292540391286215,0.5315355062484741,0.5628194610277811,0.5656148393948873,0.5655044913291931,0.5416435400644938,0.6359384655952454,0.6078087091445923,0.644716481367747,0.5227533578872681,0.7027914126714071,0.5129120747248331,0.6993217269579569,0.5033797820409139,0.7191478808720907,0.4807022611300151,0.7028929988543192,0.5645820498466492,0.723941961924235,0.5331575274467468,0.729629377524058,206
97.98,137.55,6.82,54.26,156.47,91.71,157.57,120.64,0.5574493606885275,0.46169568101565045,0.6265727678934733,0.46364078919092816,0.5492095351219177,0.5165365139643351,0.6515746514002482,0.5213337143262228,0.5937430262565613,0.5304868221282959,0.6470263799031576,0.5335862239201864,0.6026145418485006,0.5403178135553995,0.6500490307807922,0.5361122687657675,0.6077413757642111,0.5372374256451925,0.6429489652315775,0.5315954685211182,0.6082285245259603,0.5340510805447897,0.6413578987121582,0.530664066473643,0.531424323717753,0.5628044207890829,0.5659006237983704,0.5654810667037964,0.541608969370524,0.6360441048940023,0.609449048837026,0.6446295181910197,0.5230044722557068,0.7032376726468405,0.5145031015078226,0.6996844808260599,0.5036349892616272,0.7198110222816467,0.48226948579152423,0.7033508022626241,0.5647818644841512,0.7239995996157328,0.5348133246103922,0.7294096946716309,207
101.08,142.13,5.95,54.05,156.98,90.6,157.71,119.47,0.5573776165644327,0.4611789087454478,0.6272387901941935,0.46373046437899273,0.5498360792795817,0.5162185231844584,0.651931643486023,0.5222817460695902,0.5945327877998352,0.5312346816062927,0.6479788025220236,0.5353347460428873,0.6037909189860026,0.5405681927998861,0.6502065459887186,0.537090520064036,0.6104926069577535,0.5381064017613729,0.6433719992637634,0.5326394041379293,0.6107229391733805,0.5354424317677816,0.6418848633766174,0.5320664644241333,0.5312708218892416,0.5628016392389933,0.566148062547048,0.5654916365941366,0.5415621002515157,0.6361300349235535,0.6109291513760885,0.644497831662496,0.523172120253245,0.703840414683024,0.5162893335024515,0.7001054286956787,0.5038465857505798,0.7204777598381042,0.48424864808718365,0.7038909792900085,0.5641641418139139,0.7240513960520426,0.539869507153829,0.7291582226753235,208
103.28,140.77,7.05,53.25,157.0,90.39,157.54,118.33,0.5573496222496033,0.4607275724411011,0.6279686292012533,0.46381380160649616,0.550382932027181,0.5159715016682943,0.6522407333056132,0.5229589144388834,0.5951714317003886,0.5319873094558716,0.6483800609906515,0.5371386011441549,0.6044546763102213,0.5410749912261963,0.6501358151435852,0.5381921331087748,0.6118572354316711,0.5388542215029398,0.643943727016449,0.5340831279754639,0.6119343638420105,0.5363543033599854,0.6420233249664307,0.5339174270629883,0.5311672687530518,0.5628079175949097,0.5663133263587952,0.5655370553334554,0.5414919853210449,0.6362022161483765,0.6131093502044678,0.6442979971567789,0.5233130852381388,0.7049724658330282,0.5185899337132772,0.7004562815030416,0.5042038162549337,0.7212560176849365,0.48723104596138,0.7043794592221578,0.5623910228411356,0.7242618997891744,0.5449289480845133,0.7290537357330322,209
103.13,144.21,8.59,53.32,157.58,89.04,157.58,116.41,0.5572718580563863,0.4602778951327006,0.6286360224088033,0.4638646642367045,0.5522894263267517,0.5158255894978842,0.6524387001991272,0.523509681224823,0.5985103249549866,0.5318756302197775,0.6488533218701681,0.5378501613934835,0.6071622570355734,0.540998379389445,0.6508756279945374,0.5384569764137268,0.6149998903274536,0.538968006769816,0.6461532513300577,0.5348036090532938,0.6149599750836691,0.5366387367248535,0.6431501507759094,0.5346336166063944,0.5310094157854716,0.5628509521484375,0.5665383338928223,0.5656183759371439,0.5413764119148254,0.6362517873446146,0.6154064536094666,0.6439437468846639,0.5232771436373392,0.7061365445454916,0.521946648756663,0.7007859945297241,0.504202127456665,0.7217742204666138,0.4911130170027415,0.7049211263656616,0.5598852833112081,0.7249880234400431,0.5502414107322693,0.7287123401959738,210
105.74,147.27,12.05,52.88,157.74,88.65,157.68,115.22,0.5572502414385477,0.4597950180371602,0.6296640038490295,0.4638463060061137,0.5535663564999899,0.5157215793927511,0.6525412797927856,0.5234407385190328,0.6008292635281881,0.5316832065582275,0.6484033068021139,0.5385450919469198,0.6080656250317892,0.5410557190577189,0.6511792341868082,0.5391944845517477,0.6158251166343689,0.5391053160031637,0.6473440130551656,0.5357237259546915,0.6157889366149902,0.5368525385856628,0.6437326669692993,0.5354954799016317,0.5309175848960876,0.562883714834849,0.5667476852734884,0.5656734506289164,0.5412897864977518,0.6362373431523641,0.6177852749824524,0.6433396935462952,0.522929827372233,0.7070570190747579,0.5258681774139404,0.7010274728139242,0.5032738248507181,0.7220030029614767,0.49599821368853253,0.7057944933573405,0.5554831425348917,0.725663403669993,0.5552840828895569,0.7283810178438822,211
105.81,139.82,11.02,51.93,156.94,88.75,157.61,113.32,0.557236393292745,0.4593406021595001,0.6304402152697245,0.4638272126515706,0.5542556246121725,0.515619158744812,0.6524297396341959,0.5236789385477701,0.6013973156611124,0.5318162441253662,0.6478904088338217,0.5386759440104166,0.6078500747680664,0.5409826834996542,0.651168167591095,0.5396249691645304,0.6154463291168213,0.5391141374905905,0.6476700703303019,0.5360056360562643,0.615557074546814,0.5369175473848978,0.6441354751586914,0.5358090996742249,0.5308788617451986,0.563023587067922,0.5671200156211853,0.5658172766367594,0.5415411988894144,0.6358070174853007,0.6196913321812948,0.6426494518915812,0.5223669409751892,0.7070699532826742,0.5299657583236694,0.7020816604296366,0.5021717349688212,0.7209399143854777,0.5016104479630789,0.7088097333908081,0.5515523354212443,0.725328246752421,0.561333954334259,0.7285869916280111,212
106.3,142.11,10.63,51.21,155.14,90.05,156.91,112.82,0.5572912295659384,0.45914865533510846,0.6314916809399923,0.46383923292160034,0.550777276357015,0.5155333677927653,0.6526762048403422,0.5239864389101664,0.5956720113754272,0.5320809284845988,0.645505448182424,0.5393243233362833,0.602107564608256,0.5408082803090414,0.6484031279881796,0.5404701232910156,0.6102143327395121,0.5391181906064352,0.6432929237683614,0.5369596282641093,0.6107885241508484,0.5369709531466166,0.6409375866254171,0.5369666814804077,0.5309245189030966,0.563232421875,0.5678896109263102,0.566010594367981,0.5419243772824606,0.6353155573209127,0.6214484771092733,0.6419641574223837,0.5218625863393148,0.7065097689628601,0.5342154502868652,0.703091581662496,0.5012641747792562,0.719522217909495,0.5077665448188782,0.7114563783009847,0.5488429665565491,0.7241309881210327,0.5676427086194357,0.728782574335734,213
99.13,126.7,1.35,50.78,154.67,90.73,156.8,112.58,0.5574214657147726,0.4591814875602722,0.6319200197855631,0.46369995673497516,0.5487104058265686,0.5154930154482523,0.6525264978408813,0.523587961991628,0.5915808081626892,0.5321991046269735,0.6442195375760397,0.5396904548009237,0.5982088247934977,0.5405962467193604,0.6460953752199808,0.5409876306851705,0.6069759726524353,0.5390203793843588,0.6400925119717916,0.5376954674720764,0.6080018281936646,0.5369321505228678,0.6386198004086813,0.5377658804257711,0.5311358769734701,0.5634957750638326,0.5689699848492941,0.5662332773208618,0.5423872669537863,0.6346630056699117,0.6229531566301981,0.6415401498476664,0.5213866233825684,0.7059467832247416,0.5376746853192648,0.7043964266777039,0.501202126344045,0.7184420625368754,0.5126776099205017,0.7142843008041382,0.549013594786326,0.7226406335830688,0.571522851785024,0.7290621797243754,214
102.29,134.08,4.17,49.61,154.0,91.51,156.91,113.05,0.5577582319577535,0.4592300355434418,0.6325090924898783,0.4635622799396515,0.5461381475130717,0.5154527624448141,0.6527489821116129,0.5232229431470236,0.586750328540802,0.5322961409886678,0.6427282293637594,0.540112316608429,0.5931949218114217,0.5405007402102152,0.643544058005015,0.5417066812515259,0.6024389664332072,0.5389982064565023,0.637357254823049,0.5388451019922892,0.6039563020070394,0.5369238456090292,0.6357770562171936,0.5388069550196329,0.5315453410148621,0.5636834502220154,0.570120096206665,0.5664113362630209,0.5426714817682902,0.6343110998471578,0.6245967547098795,0.6411351164182028,0.5209114154179891,0.7056694626808167,0.5406027237574259,0.7050512035687765,0.501189390818278,0.7179475029309591,0.5162063042322794,0.7148440281550089,0.5492075284322103,0.7210907737414042,0.5734097361564636,0.72933562596639,215
101.2,130.91,1.73,49.55,153.61,91.28,157.17,112.37,0.5584275126457214,0.4592987795670827,0.6327172716458639,0.46338645617167157,0.5467604001363119,0.5154223640759786,0.6525655388832092,0.5227765440940857,0.5862192710240682,0.5326095422108968,0.643096923828125,0.5400735338528951,0.5924562215805054,0.5404669443766276,0.6436291933059692,0.5420067509015402,0.601392904917399,0.5389646689097086,0.6379690965016683,0.5393012166023254,0.6031018694241842,0.5368743936220804,0.6359749039014181,0.5390928785006205,0.5321651101112366,0.5637784798940023,0.5710388024648031,0.5665218432744344,0.5430134932200114,0.6337817708651224,0.626047154267629,0.6408373713493347,0.5197945833206177,0.7055596311887106,0.5430656870206197,0.7060592174530029,0.5009697278340658,0.7177924116452535,0.5184458494186401,0.7162186503410339,0.5489352345466614,0.7194469372431437,0.5751181046168009,0.7297422289848328,216
101.99,133.5,1.21,48.92,152.22,92.18,157.16,112.41,0.5593366424242655,0.45934216181437176,0.6332793434460958,0.4633564551671346,0.5460963249206543,0.5153767863909403,0.6532037456830343,0.5230073928833008,0.5846608479817709,0.5328675707181295,0.6430246432622274,0.5402228832244873,0.5901125073432922,0.5405462781588236,0.6434139410654703,0.5423087477684021,0.5988320509592692,0.5390488107999166,0.637614905834198,0.5399539470672607,0.6007252335548401,0.5369017521540324,0.6352997819582621,0.5396471619606018,0.5327222347259521,0.5638765295346578,0.5717780590057373,0.5666720271110535,0.5433412392934164,0.6334694822629293,0.6280520558357239,0.6404686371485392,0.5187027057011923,0.7055427233378092,0.5460000236829122,0.7069185773531595,0.5009527405103048,0.7176128427187601,0.5204881429672241,0.7171729405721029,0.5481593410174052,0.7181061506271362,0.5773863991101583,0.7301962574323019,217
100.12,128.5,0.03,49.23,151.56,91.57,156.79,110.96,0.5601491530736288,0.45956945419311523,0.633618692557017,0.463241845369339,0.5497601628303528,0.5153291622797648,0.6523442467053732,0.5222731828689575,0.5883482893308004,0.5324790279070536,0.6443158189455668,0.5392184654871622,0.5952410101890564,0.5395879944165548,0.6462165514628092,0.5417478084564209,0.6037557125091553,0.5378610094388326,0.6415154933929443,0.5392862757047018,0.6055096387863159,0.5358503659566244,0.6383291482925415,0.5388338168462118,0.5333762367566427,0.5639497439066569,0.57254691918691,0.5667426784833273,0.5436962048212687,0.6332490046819051,0.629785438378652,0.6402002573013306,0.5171270767847697,0.7058994372685751,0.5487475792566935,0.7078840136528015,0.5006523132324219,0.717829684416453,0.5225017269452413,0.7185116012891134,0.547950009504954,0.7178555925687155,0.5803854465484619,0.7308396498362223,218
108.37,151.47,10.52,46.2,150.58,92.09,157.48,111.23,0.5608582894007365,0.4597698152065277,0.6339590350786845,0.4631543854872386,0.5532187024752299,0.5152184764544169,0.6516123612721761,0.5215659340222677,0.5928220351537069,0.5316819945971171,0.6454425056775411,0.5382532477378845,0.6003649632136027,0.5385774572690328,0.6485234697659811,0.5409825841585795,0.6088227232297262,0.5366805791854858,0.6452686389287313,0.5385353167851766,0.610365112622579,0.5347859660784403,0.6408338944117228,0.5379437208175659,0.5338793992996216,0.5640529990196228,0.5732077161471049,0.5668370723724365,0.5439197619756063,0.633364717165629,0.6319424112637838,0.6399212876955668,0.5159616072972616,0.7064569791158041,0.5511518319447836,0.7088043888409933,0.50054403146108,0.7181054552396139,0.5253009796142578,0.7194872299830118,0.5474023818969727,0.7179639339447021,0.5838138659795126,0.7313424547513326,219
106.02,151.5,9.71,46.03,150.36,91.34,157.49,110.35,0.5612619519233704,0.4599466621875763,0.6340250571568807,0.4629981418450673,0.5571224292119344,0.5150718688964844,0.6504773298899332,0.5205010771751404,0.5975935260454813,0.5308015942573547,0.646806518236796,0.5371772249539694,0.6061849792798361,0.5376497109731039,0.6513723532358805,0.540043830871582,0.6145744323730469,0.535597562789917,0.6495574315388998,0.5375380913416544,0.6158300439516703,0.5338069597880045,0.6440305511156718,0.5367764433224996,0.5345288713773092,0.5640923778216044,0.5738705197970072,0.5668434898058573,0.5441925525665283,0.6334174275398254,0.6336589455604553,0.6396879553794861,0.5149714549382528,0.7070615688959757,0.5537181893984476,0.7093874017397562,0.5006688237190247,0.7184130946795145,0.5290387074152628,0.7200256188710531,0.5469626784324646,0.7181475162506104,0.5873491565386454,0.7317023475964864,220
106.49,151.87,10.08,45.92,150.32,91.71,158.03,110.04,0.561744491259257,0.45982250571250916,0.6343622406323751,0.4629124502340953,0.5572386781374613,0.5141017436981201,0.6511772672335306,0.5203352570533752,0.5982212622960409,0.5304176012674967,0.6469739476839701,0.537385364373525,0.6050243973731995,0.5377764900525411,0.6517282128334045,0.5400636792182922,0.6133440732955933,0.5358400543530782,0.6493033568064371,0.5374721884727478,0.6147624055544535,0.533921500047048,0.6442936062812805,0.5367414951324463,0.5350000262260437,0.5641304055849711,0.574339747428894,0.5668720006942749,0.544393002986908,0.633621354897817,0.6354462703069051,0.6394780476888021,0.5146982272466024,0.7076053023338318,0.5561226010322571,0.7101392348607382,0.5013421972592672,0.7188026507695516,0.5322791139284769,0.7205893596013387,0.5466724236806234,0.7182470957438151,0.5910150210062662,0.7317596872647604,221
108.36,146.29,9.11,47.02,150.61,91.79,158.24,109.35,0.562129000822703,0.45970136920611065,0.6346878012021383,0.46272630492846173,0.5575383901596069,0.5128593444824219,0.6517851154009501,0.5198922753334045,0.5981665253639221,0.5299467444419861,0.6456413070360819,0.5375829935073853,0.6040514508883158,0.53773033618927,0.6508926749229431,0.5402974088986715,0.6123606959978739,0.5358152588208517,0.646805981794993,0.5373755892117819,0.6139469544092814,0.5338731209437052,0.6431849400202433,0.5367315212885538,0.5355439980824789,0.5640683770179749,0.5748667518297831,0.5667445262273153,0.5447644790013632,0.6336889664332072,0.6367014646530151,0.6393189628918966,0.515128473440806,0.7081096172332764,0.5590478976567587,0.710759699344635,0.5025811791419983,0.7192482948303223,0.535489559173584,0.7213643193244934,0.5482980211575826,0.7183563311894735,0.5954292416572571,0.7319127917289734,222
108.75,135.78,8.84,46.73,151.29,93.06,158.22,109.6,0.5626628200213114,0.4596594472726186,0.6349774201711019,0.4626033902168274,0.5574556787808737,0.511921246846517,0.65289839108785,0.5203480124473572,0.5972947875658671,0.5296247998873392,0.6443493763605753,0.5378057559331259,0.6027944286664327,0.5376430153846741,0.6494481960932413,0.5406017303466797,0.6110297242800394,0.5357362031936646,0.6437352101008097,0.537474513053894,0.6128615140914917,0.5337727467219034,0.6416265964508057,0.5367192228635153,0.5359870394070944,0.5640467007954916,0.575522224108378,0.5667414466540018,0.5450516939163208,0.6338530778884888,0.6380114356676737,0.6391292810440063,0.5163146257400513,0.7085762421290079,0.5615548094113668,0.711569090684255,0.5039521257082621,0.7197097539901733,0.5384100874265035,0.7225594321886698,0.5511348247528076,0.718463400999705,0.5998489061991373,0.7320437828699747,223
107.71,128.73,7.99,47.13,152.8,93.12,158.34,109.47,0.5630854765574137,0.459697683652242,0.6350118120511373,0.462479035059611,0.5579519669214884,0.5115108291308085,0.6532413363456726,0.520609180132548,0.5974417924880981,0.5293686787287394,0.6430115302403768,0.5376573403676351,0.6028254628181458,0.5374644796053568,0.6477006475130717,0.5400558511416117,0.6109259327252706,0.5355631113052368,0.6405669252077738,0.5371613105138143,0.6127760807673136,0.5336051185925802,0.6395865082740784,0.5363750656445821,0.5365202228228251,0.56405637661616,0.576218048731486,0.5667449434598287,0.545502761999766,0.6338530977567037,0.6392505764961243,0.6389598250389099,0.5174597303072611,0.7090115944544474,0.5645751555760702,0.7122276226679484,0.5050398906071981,0.7201428612073263,0.5417922933896383,0.7235946456591288,0.5538484851519266,0.7186310887336731,0.6046205759048462,0.7321916619936625,224
109.58,130.17,9.05,46.61,152.53,93.85,158.6,109.33,0.5636939803759257,0.4597221215565999,0.6351883212725321,0.46244382858276367,0.5585747162501017,0.5114070971806844,0.6536352435747782,0.5214882294336954,0.5982009569803873,0.5293893814086914,0.6422620813051859,0.5375117659568787,0.6033052603403727,0.5371860265731812,0.6471564372380575,0.5395416021347046,0.6113419135411581,0.5353447993596395,0.6395577987035116,0.5368275046348572,0.6131801207860311,0.5333822170893351,0.638832668463389,0.536079982916514,0.5372992952664694,0.5641754468282064,0.5769081910451254,0.5668952862421671,0.545857568581899,0.6339128414789835,0.640850563844045,0.6387889583905538,0.5181764364242554,0.709362804889679,0.5675599773724874,0.7127291162808737,0.5054217378298441,0.7204443415006002,0.545051654179891,0.7241782744725546,0.5549065073331197,0.7188115914662679,0.6089428464571635,0.7322219411532084,225
108.98,123.09,8.55,45.79,153.24,93.86,159.53,108.78,0.5641418695449829,0.45957449078559875,0.6352246602376302,0.46232491731643677,0.5592203140258789,0.5059594412644705,0.652186393737793,0.5192676186561584,0.596316933631897,0.5204410950342814,0.6414245764414469,0.5367362896601359,0.5998544891675314,0.5263202985127767,0.6452249884605408,0.5385721524556478,0.6072308619817098,0.5246644616127014,0.6385704080263773,0.5362164775530497,0.6097929279009501,0.5230167508125305,0.6363307436307272,0.5355112155278524,0.5382335186004639,0.5642837683359782,0.577503482500712,0.5669586658477783,0.5461656053860983,0.6340587536493937,0.6422805786132812,0.6386909484863281,0.5181789994239807,0.7097022533416748,0.5715327461560568,0.7130994200706482,0.5053675770759583,0.7207872072855631,0.547349194685618,0.7242410182952881,0.5551112294197083,0.7189664840698242,0.613405724366506,0.7322492003440857,226
94.21,141.12,5.28,43.86,153.86,95.43,160.72,109.0,0.564699391523997,0.45962124069531757,0.6353435118993124,0.462164173523585,0.5596170226732889,0.5027990639209747,0.6509249806404114,0.5173499385515848,0.5961588621139526,0.5162916382153829,0.6425012350082397,0.5361788272857666,0.5989705522855123,0.5215262969334921,0.6444666385650635,0.5384039282798767,0.6064165234565735,0.5198614398638407,0.6395720839500427,0.5359944899876913,0.609177827835083,0.5183199246724447,0.635158360004425,0.5352323849995931,0.5392977197964987,0.5643635590871176,0.5780284206072489,0.5669966141382853,0.5464443763097128,0.6341846386591593,0.6435559391975403,0.6385229825973511,0.5181771715482076,0.7098334232966105,0.5753763119379679,0.7132266759872437,0.5050915678342184,0.7209517558415731,0.5492107272148132,0.7240228851636251,0.5559982260068258,0.7191727558771769,0.6172988017400106,0.7322070598602295,227
104.95,155.78,6.44,43.51,153.9,96.13,161.32,108.75,0.565062940120697,0.45955804983774823,0.6347961823145548,0.46151605248451233,0.5605703194936117,0.5002031822999319,0.6436315178871155,0.5128126343091329,0.5963883598645529,0.5127155780792236,0.6436845660209656,0.5346351663271586,0.5997381607691447,0.5173163414001465,0.6433464686075846,0.5373567938804626,0.6072165369987488,0.5159736076990763,0.640380879243215,0.535459299882253,0.6100674470265707,0.5145256519317627,0.6343627572059631,0.5338066220283508,0.5402412215868632,0.5644021431605021,0.57866104443868,0.5670179526011149,0.5467115441958109,0.6342721184094747,0.6448171138763428,0.6383873820304871,0.5182078083356222,0.7098776499430338,0.5793341000874838,0.7134236693382263,0.5049105683962504,0.7210804224014282,0.5513120094935099,0.7241121927897135,0.557309627532959,0.7193344036738077,0.6213037172953287,0.7321737011273702,228
107.87,150.05,8.97,24.36,154.4,96.64,162.13,109.72,0.5654590924580892,0.45973042647043866,0.6349337895711263,0.46110833684603375,0.5615342458089193,0.5043854912122091,0.640477458635966,0.5130987564722697,0.6001229087511698,0.5192972819010416,0.6441317796707153,0.5344416697820028,0.6046692132949829,0.5250868995984396,0.6439912517865499,0.5370801289876302,0.6128227710723877,0.5239354570706686,0.6414508620897929,0.535388708114624,0.6148860057195028,0.5222498178482056,0.6354847947756449,0.5328567425409952,0.5409760077794393,0.5644241372744242,0.5792310833930969,0.567017674446106,0.5471038023630778,0.6342310508092245,0.6459653774897257,0.6381215850512186,0.5182773470878601,0.7098350127538046,0.582058846950531,0.713583767414093,0.504685640335083,0.7210837801297506,0.5536102652549744,0.7244213024775187,0.5583099126815796,0.7194699645042419,0.6250108480453491,0.7321265737215678,229
105.38,179.63,8.85,32.46,154.04,96.91,162.01,108.75,0.5656901001930237,0.4597366948922475,0.6342560847600301,0.46065260966618854,0.5616110563278198,0.49889637033144635,0.6374506950378418,0.511022130648295,0.5945840080579122,0.505316307147344,0.6423478722572327,0.5310220519701639,0.5981197953224182,0.5084821581840515,0.6429048577944437,0.5341249903043112,0.6054814259211222,0.507157693306605,0.6400394439697266,0.5328222711881002,0.6086324453353882,0.5062033931414286,0.635031501452128,0.5297353267669678,0.5415031313896179,0.5644760727882385,0.5798542896906534,0.5670288403828939,0.5474110643068949,0.6342935959498087,0.6472643415133158,0.6378700931866964,0.5183467666308085,0.709820012251536,0.5868275761604309,0.7136816581090292,0.5041377743085226,0.7211402058601379,0.5590413212776184,0.7247559626897176,0.5589653849601746,0.7197695374488831,0.6301100254058838,0.7319984634717306,230
51.51,172.99,0.56,35.04,153.9,100.16,162.34,109.54,0.5658793648084005,0.45956411957740784,0.6344920992851257,0.46070538957913715,0.558441956837972,0.4883379141489665,0.6421293218930563,0.5123894214630127,0.583153486251831,0.4835548996925354,0.640889843304952,0.5289828975995382,0.5826724171638489,0.47824370861053467,0.6419466932614645,0.5328798492749532,0.5905305544535319,0.4821326434612274,0.638774553934733,0.5307692686716715,0.595308780670166,0.48213789860407513,0.6345617771148682,0.5282702247301737,0.5418061017990112,0.5645361145337423,0.5802917083104452,0.5670408010482788,0.5477890769640604,0.6343401670455933,0.6485544244448344,0.6376057465871176,0.5183848738670349,0.709812601407369,0.5909905632336935,0.713840107123057,0.5036186575889587,0.7211955587069193,0.5632426341374716,0.7251679301261902,0.5566047430038452,0.7200168371200562,0.6345859169960022,0.7318835655848185,231
9.83,145.24,33.6,38.87,153.5,99.74,162.2,108.54,0.5660947362581888,0.4593019088109334,0.633856733640035,0.4604269365469615,0.5566403468449911,0.4833316008249919,0.6398075421651205,0.5091995000839233,0.580368161201477,0.4781111677487691,0.6397677659988403,0.5253147681554159,0.5795500675837199,0.47243104378382367,0.6391072074572245,0.5299531022707621,0.5870414574941,0.47650771339734393,0.6364365617434183,0.5277635852495829,0.592136561870575,0.47661179304122925,0.6338051358858744,0.5256251692771912,0.5420637925465902,0.5645894606908163,0.5810556213061014,0.567046582698822,0.5481632749239603,0.6345335841178894,0.649899442990621,0.6374889612197876,0.5184272527694702,0.7098801334698995,0.5981162389119467,0.7139499187469482,0.5027130842208862,0.721370001633962,0.5709454417228699,0.7254273692766825,0.5567063689231873,0.7206195990244547,0.6410553256670634,0.731915295124054,232
93.51,162.8,2.84,25.09,153.03,104.94,161.94,109.86,0.5664121707280477,0.45870164036750793,0.6344171563784281,0.4602881769339244,0.5578133861223856,0.4889683624108632,0.6399633089701334,0.5087968707084656,0.5877107580502828,0.49548861384391785,0.6406587560971578,0.5267171661059061,0.5891602834065756,0.4925055305163066,0.6416058341662089,0.5320995847384135,0.5971512993176779,0.4971518913904826,0.6381991505622864,0.5297435720761617,0.600812037785848,0.49624766906102497,0.6365278959274292,0.5280929605166117,0.5424671173095703,0.564606249332428,0.5818549593289694,0.5670530597368876,0.5484705766042074,0.6346501708030701,0.6512337128321329,0.6373921036720276,0.5184775392214457,0.709858258565267,0.6036432385444641,0.7140660683314005,0.5022095441818237,0.721306582291921,0.5761031111081442,0.7257368564605713,0.5565901796023051,0.720910370349884,0.6466252207756042,0.7319939136505127,233
118.41,179.67,8.67,33.35,153.54,106.29,162.94,109.15,0.5668062567710876,0.45826377471288043,0.6344379186630249,0.46009595195452374,0.5614056785901388,0.49848421414693195,0.6362727681795756,0.5051202376683553,0.5998916625976562,0.5178614457448324,0.636454184850057,0.5209575096766154,0.6054083903630575,0.5238341291745504,0.636936604976654,0.5250133673350016,0.6127299865086874,0.5216577251752218,0.6326994895935059,0.5225491126378378,0.6145174900690714,0.5196356972058614,0.6310402353604635,0.5212647318840027,0.5428530772527059,0.5646326343218485,0.5830913384755453,0.5670597751935323,0.5486960013707479,0.6347864270210266,0.6522429784138998,0.6373140811920166,0.5182381272315979,0.7098274628321329,0.6104670365651449,0.71405162413915,0.5009826819101969,0.7212323745091757,0.5834301312764486,0.7257877190907797,0.5590927799542745,0.7213256359100342,0.6539835929870605,0.7320590217908224,234
112.59,136.58,7.8,25.02,152.87,109.53,162.77,110.43,0.5673421025276184,0.45780173937479657,0.6348931988080343,0.4600930412610372,0.564775288105011,0.504234790802002,0.6376689076423645,0.5065269072850546,0.6043153603871664,0.5265320936838785,0.6382430195808411,0.5231406291325887,0.6105279525121053,0.5327619711558024,0.6393568913141886,0.5258585611979166,0.6178742448488871,0.5297351082166036,0.6348286072413126,0.5233415961265564,0.6192647417386373,0.5274327198664347,0.6320115526517233,0.5228877266248068,0.5434958934783936,0.5646960735321045,0.5841710368792216,0.5671168764432272,0.5488848288853964,0.6347160339355469,0.6535395383834839,0.637224535147349,0.5179969072341919,0.709687352180481,0.6148379445075989,0.7141395409901937,0.5000717441240946,0.7209662000338236,0.5885864694913229,0.7261052926381429,0.5586355924606323,0.7213917175928751,0.6598990559577942,0.7319681445757548,235
117.2,164.82,11.33,27.51,153.21,110.02,163.36,110.27,0.567787249883016,0.45752453804016113,0.6348827282587687,0.4600078960259755,0.5643167297045389,0.4980073769887288,0.6367038687070211,0.5027525424957275,0.5970535079638163,0.5100614130496979,0.6344754497210184,0.5091681679089864,0.6016060709953308,0.5140433212121328,0.6331419944763184,0.5087140401204427,0.608106772104899,0.5106359720230103,0.629013200600942,0.5057752033074697,0.6101887424786886,0.5092028081417084,0.6253350774447123,0.5059892137845358,0.5439810355504354,0.5648006598154703,0.5853880246480306,0.5671676794687907,0.5491142471631368,0.6346312959988912,0.6546405951182047,0.6371671954790751,0.5175512433052063,0.709559698899587,0.6191137035687765,0.7146817048390707,0.4989909032980601,0.7208261092503866,0.5934983094533285,0.7270574967066447,0.5579628745714823,0.721362829208374,0.6665341456731161,0.7319225470225016,236
60.82,27.98,0.11,29.41,152.78,112.51,163.72,110.85,0.568140983581543,0.45733590920766193,0.6362154086430868,0.46022002895673114,0.5634727080663046,0.49950891733169556,0.6413036187489828,0.5068029363950094,0.5906073451042175,0.5136068363984426,0.6371045708656311,0.5146369934082031,0.593802789847056,0.5179283122221628,0.6378557085990906,0.5142245491345724,0.5993607441584269,0.5159716208775839,0.6324813365936279,0.5120328565438589,0.6022376219431559,0.5141007999579111,0.629523754119873,0.512314518292745,0.5444914499918619,0.564885139465332,0.5860775709152222,0.567218025525411,0.5492858290672302,0.6345519026120504,0.6560412844022115,0.6370723644892374,0.51725834608078,0.7094383438428243,0.6227601369222006,0.7154768506685892,0.4984006881713867,0.7206969261169434,0.5980101227760315,0.7282604575157166,0.5572928984959921,0.7214094996452332,0.6720687747001648,0.7318681875864664,237
131.14,121.76,3.7,36.48,152.73,113.34,163.9,108.43,0.5685919324556986,0.4573271572589874,0.636966864267985,0.4601529637972514,0.5630972981452942,0.4975707729657491,0.6408053835233053,0.5036106904347738,0.5863955020904541,0.5124211211999258,0.633589486281077,0.5088429848353068,0.5880889296531677,0.5165941218535105,0.635640541712443,0.5088033477465311,0.5936422348022461,0.5150789419809977,0.6292434732119242,0.5059022406737009,0.5972641706466675,0.5131568411986033,0.6265863180160522,0.5061641732851664,0.5449624458948771,0.5649323662122091,0.586815337340037,0.5672176082928976,0.5494529008865356,0.6345339020093282,0.6570924917856852,0.6369963884353638,0.5169164538383484,0.7093351682027181,0.6272608439127604,0.7161567807197571,0.4975675741831462,0.7206345796585083,0.6037524739901224,0.7293410499890646,0.5572473605473837,0.7214552760124207,0.6767910718917847,0.7316093246142069,238
125.65,170.5,8.11,22.83,152.89,116.65,164.15,109.81,0.5691282153129578,0.45748163263003033,0.6377225716908773,0.46013976136843365,0.564328670501709,0.5063122510910034,0.643800417582194,0.5075043439865112,0.5911360184351603,0.5316524108250936,0.6377991835276285,0.522180438041687,0.5933648149172465,0.5382986863454183,0.6404739022254944,0.5246855020523071,0.5994604627291361,0.5368173321088155,0.6340063412984213,0.5219364960988363,0.6029042998949686,0.5338065226872762,0.6311144232749939,0.5211691459019979,0.5457151134808859,0.5650190909703573,0.5874456167221069,0.5672732591629028,0.5495606263478597,0.6345217823982239,0.658527692159017,0.6369485457738241,0.5167781710624695,0.7091310222943624,0.6314747134844462,0.7165147662162781,0.496995747089386,0.7205211520195007,0.6095408002535502,0.7298343777656555,0.5573522448539734,0.7216504216194153,0.6811351974805196,0.7312967379887899,239
126.97,162.18,8.07,36.13,153.72,117.01,165.61,109.62,0.5701277256011963,0.45769354701042175,0.6372687220573425,0.4597244660059611,0.5658908089001974,0.507671594619751,0.6423678795496622,0.5037843585014343,0.5962900916735331,0.531327486038208,0.6398654580116272,0.5096540153026581,0.6000767350196838,0.5372316042582194,0.6408251722653707,0.5098911126454672,0.606511394182841,0.5357624292373657,0.6348848541577657,0.5061552027861277,0.6090776721636454,0.5330272316932678,0.6307673851648966,0.506004641453425,0.5465306440989176,0.5651081601778666,0.5882043639818827,0.5672827561696371,0.5497262875239054,0.6345117489496866,0.6596383452415466,0.6369385123252869,0.5167413949966431,0.7089179158210754,0.6355011463165283,0.7167436480522156,0.4965249300003052,0.7204015652338663,0.6145980556805929,0.730124294757843,0.5570710102717081,0.7216997543970743,0.6849782665570577,0.7308318018913269,240
116.7,2.35,6.47,33.18,153.76,118.7,165.17,109.84,0.5707627534866333,0.4577120343844096,0.6380776762962341,0.459722379843394,0.5656236807505289,0.5107353925704956,0.6474354068438212,0.5068243145942688,0.5952874223391215,0.5380270083745321,0.6448575854301453,0.5145113368829092,0.5995355049769083,0.5454654097557068,0.6446972091992696,0.5146970152854919,0.6060014963150024,0.5441664059956869,0.6377095580101013,0.5116093655427297,0.6080060005187988,0.5408893823623657,0.6338078379631042,0.51143146554629,0.5473342140515646,0.5652091900507609,0.5889857212702433,0.5673223932584127,0.5498099327087402,0.6344954172770182,0.6608382264773051,0.6369049350420634,0.5167532364527384,0.708620031674703,0.6389707922935486,0.717097798983256,0.4963718553384145,0.7202200293540955,0.6191283464431763,0.7304372191429138,0.5567710995674133,0.7218756477038065,0.6894035935401917,0.730476180712382,241
136.6,158.44,5.8,37.65,154.28,120.79,166.2,109.21,0.5719030499458313,0.457815279563268,0.6389097372690836,0.4596030612786611,0.5654964248339335,0.5116490721702576,0.6487505634625753,0.5040505230426788,0.5943674842516581,0.5410222411155701,0.6445925831794739,0.4986588756243388,0.5991914669672648,0.5490139126777649,0.6428366700808207,0.4951762358347575,0.6058167417844137,0.5476165413856506,0.6351623137791952,0.49099287390708923,0.6070186297098795,0.5440685749053955,0.6331281661987305,0.4921731948852539,0.548039436340332,0.5652934114138285,0.590107282002767,0.5673256715138754,0.5499951044718424,0.6344936887423197,0.6616245706876119,0.6368916034698486,0.5167640646298727,0.7084825038909912,0.6433362563451132,0.7175697088241577,0.49614190061887103,0.7202323277791342,0.6242350737253824,0.731113870938619,0.5561359524726868,0.7218092083930969,0.6937545736630758,0.7300867239634196,242
131.79,3.35,4.96,39.81,154.55,124.85,166.22,110.46,0.5729461113611857,0.4580928186575572,0.6397211750348409,0.45961134632428485,0.5652854243914286,0.514341394106547,0.65154629945755,0.5040385822455088,0.5910137891769409,0.5467357238133749,0.6482995947202047,0.5027576982975006,0.5946031411488851,0.5557850201924642,0.6464156905810038,0.5016200542449951,0.6013008952140808,0.5542120536168417,0.6391159693400065,0.49689101179440814,0.6028191645940145,0.5502191781997681,0.6375349760055542,0.4971115489800771,0.5489153464635214,0.5653748710950216,0.5912630558013916,0.5673558513323466,0.5502038995424906,0.634484589099884,0.6625124017397562,0.6368827025095621,0.5167721112569174,0.7083578109741211,0.6474598050117493,0.7179522315661112,0.49597785870234173,0.7202601035435995,0.6293278535207113,0.7317504485448202,0.5558782617251078,0.7217477957407633,0.6983315348625183,0.7297317584355673,243
133.01,12.81,3.91,40.26,154.92,125.72,166.5,110.59,0.5745917956034342,0.45854894320170086,0.6394522587458292,0.45947927236557007,0.5660239855448405,0.5156596501668295,0.6532555818557739,0.5000795225302378,0.5934550960858663,0.5462108651796976,0.6491452852884928,0.4835818608601888,0.5983594258626302,0.5547524889310201,0.6477869749069214,0.47939518094062805,0.6043177048365275,0.5526045163472494,0.6414541006088257,0.47298485040664673,0.6049893101056417,0.5486254493395487,0.6391540169715881,0.47410155336062115,0.5499364336331686,0.5655684669812521,0.5922574996948242,0.5674593448638916,0.5504232048988342,0.6345195372899374,0.6632182002067566,0.6368460257848104,0.5167815089225769,0.7083372275034586,0.6514606873194376,0.7184151609738668,0.4957951406637828,0.7203051845232645,0.6327687501907349,0.7325796683629354,0.5554928779602051,0.7216513355573019,0.7034383018811544,0.7294472058614095,244
124.31,13.28,4.52,47.22,155.82,127.9,167.15,111.2,0.5758088032404581,0.4589015742142995,0.6390767296155294,0.45945364236831665,0.5668226281801859,0.517206609249115,0.6546658674875895,0.5007596810658773,0.5950321356455485,0.5470102826754252,0.6516746282577515,0.49043008685112,0.6000308791796366,0.5554782946904501,0.6523775259653727,0.4887666205565135,0.6052794059117635,0.5533934831619263,0.6461208661397299,0.4824698170026143,0.6060037414232889,0.5494662523269653,0.6420135696729025,0.48281699419021606,0.5509541630744934,0.565653661886851,0.5927187005678812,0.5674615502357483,0.550574521223704,0.6345541079839071,0.6639608144760132,0.6368224024772644,0.5167959729830424,0.7083182136217753,0.6550470391909281,0.7188213268915812,0.4957062602043152,0.7202653288841248,0.6359935998916626,0.7331766883532206,0.5557852983474731,0.7218642433484396,0.7089093724886576,0.7292049924532572,245
126.62,48.75,4.61,44.42,156.4,130.46,167.98,111.23,0.5765185952186584,0.45879727602005005,0.6387843290964762,0.4594522714614868,0.5672271450360616,0.5053028563658396,0.656799296538035,0.4962371587753296,0.5906804800033569,0.5160596569379171,0.6512792507807413,0.47981605927149457,0.5935777227083842,0.519975503285726,0.6523106892903646,0.47570769985516864,0.597740093866984,0.5170364280541738,0.6461137731870016,0.4703451593716939,0.5999229749043783,0.5150014460086823,0.6417702436447144,0.47156702478726703,0.5519736210505167,0.565830926100413,0.5938164194424947,0.567577083905538,0.5506680806477865,0.634604016939799,0.664767305056254,0.6368326942125956,0.5168139139811198,0.7082677682240804,0.6587956349054972,0.7191741665204366,0.49568740526835126,0.7202178438504537,0.6393870313962301,0.7337204416592916,0.5561102032661438,0.7220248381296793,0.7136616706848145,0.7289721369743347,246
4.38,13.39,11.69,56.04,157.0,132.12,169.38,112.76,0.5766517321268717,0.4585021535555522,0.6390261848767599,0.45949289202690125,0.5691897471745809,0.5007370412349701,0.656253437201182,0.49773238102595013,0.5837412277857462,0.5141684412956238,0.6510654091835022,0.49819037318229675,0.5844599008560181,0.5190283258756002,0.6523794929186503,0.4986356695493062,0.5882338086764017,0.5165877640247345,0.6462665796279907,0.4944353600343068,0.5921201705932617,0.5144291420777639,0.6414021054903666,0.49413982033729553,0.5527742505073547,0.5659211079279581,0.5951635837554932,0.5676328738530477,0.5507557988166809,0.6346138715744019,0.6655498743057251,0.6370559930801392,0.5168327291806539,0.7082824110984802,0.6621521313985189,0.7195266286532084,0.49572331706682843,0.7202896475791931,0.6433273553848267,0.734063466389974,0.556246797243754,0.7217922608057658,0.7173991998036703,0.7285350561141968,247
168.58,150.02,7.69,40.72,157.48,134.17,170.09,113.61,0.5765969554583231,0.4582204023996989,0.6395323077837626,0.4595641990502675,0.5684676567713419,0.49985091884930927,0.6575106382369995,0.4947281777858734,0.5734279751777649,0.5196571548779806,0.650840163230896,0.4869416455427806,0.5722871422767639,0.5264390905698141,0.6516312758127848,0.4863756497701009,0.5760216315587362,0.5241535206635793,0.6457155148188273,0.481941024462382,0.5804111957550049,0.5212620794773102,0.6408529082934061,0.4825737476348877,0.5536530812581381,0.5660519997278849,0.5967716972033182,0.5677885015805563,0.5510528484980265,0.6346021493275961,0.6663898229598999,0.6372873187065125,0.5168481667836508,0.7082507610321045,0.6654886404673258,0.7198338707288107,0.49576913317044574,0.7202904423077902,0.6474867860476176,0.7344917257626852,0.5564332207043966,0.7214341163635254,0.7203611334164938,0.7280107140541077,248
168.35,12.76,0.79,51.1,157.3,136.68,171.02,113.81,0.5768868128458658,0.4582089086373647,0.6401109298070272,0.45966610312461853,0.5694600939750671,0.5112673242886862,0.6585545738538107,0.49709373712539673,0.571743388970693,0.5523611505826315,0.6528953512509664,0.4878559211889903,0.5706522862116495,0.5642947753270467,0.6539166768391927,0.48764634132385254,0.5745932261149088,0.5629591147104899,0.6472337245941162,0.4836446940898895,0.5778572956720988,0.5580109159151713,0.6420574188232422,0.4841517508029938,0.5545170903205872,0.5661027034123739,0.5978806416193644,0.5678577423095703,0.5513583024342855,0.6345953941345215,0.6670550306638082,0.6375344594319662,0.5168509483337402,0.7082788546880087,0.6691954135894775,0.7201406558354696,0.4958035349845886,0.7203025221824646,0.6516073346138,0.7349716226259867,0.5571161309878031,0.7212181886037191,0.7240728735923767,0.727516233921051,249
169.64,19.83,3.44,51.69,157.86,139.22,171.68,114.24,0.5775099396705627,0.4582495888074239,0.6406421264012655,0.45981988310813904,0.5689992308616638,0.5149699449539185,0.6621943116188049,0.49345627427101135,0.5705459713935852,0.5542233983675638,0.6560268998146057,0.4660569628079732,0.5688850084940592,0.5655263066291809,0.6571656664212545,0.462929904460907,0.5729592641194662,0.5640517473220825,0.6490995486577352,0.4584917028745015,0.5756628513336182,0.559261699517568,0.643970270951589,0.46067609389623004,0.5554996927579244,0.5662686228752136,0.5989510814348856,0.5680473844210306,0.5516662001609802,0.6346892317136129,0.6677642663319906,0.6376518209775289,0.5168371001879374,0.7082850337028503,0.6728377938270569,0.7203525503476461,0.49577627579371136,0.7202824751536051,0.6555302540461222,0.735588014125824,0.5583664973576864,0.7214335004488627,0.7277518510818481,0.7272274692853292,250
168.92,27.08,4.71,58.38,158.48,140.61,172.38,114.74,0.5780941446622213,0.45830418666203815,0.6422624985376993,0.4599947432676951,0.5703984896341959,0.5157900452613831,0.6639487743377686,0.4981536865234375,0.572678804397583,0.5534465710322062,0.6584559679031372,0.48377803961435956,0.5706605315208435,0.5642606814702352,0.6602186560630798,0.48251575231552124,0.575237770875295,0.5629986723264059,0.6510748664538065,0.47888603806495667,0.5782320102055868,0.5585439403851827,0.6457755366961161,0.4799063702424367,0.5562802950541178,0.566437284151713,0.6004467010498047,0.5682613452275594,0.5518134236335754,0.634771724541982,0.6683561205863953,0.6377935210863749,0.5168313582738241,0.7083866993586222,0.6763373215993246,0.7204364935557047,0.4957971473534902,0.7203745444615682,0.6594772934913635,0.7359079321225485,0.5589979290962219,0.721444288889567,0.7310412128766378,0.7269018292427063,251
168.14,133.15,3.2,44.02,158.63,143.75,172.95,114.71,0.5787277619043986,0.45836004614830017,0.643756628036499,0.4601386586825053,0.5710291266441345,0.5167076388994852,0.6660061875979105,0.49697046478589374,0.5738038818041483,0.555761714776357,0.6617114146550497,0.4782288372516632,0.5726587772369385,0.5670352180798849,0.6644096374511719,0.4770340422789256,0.5780872702598572,0.5659509102503458,0.6542883912722269,0.47247591614723206,0.5811452666918436,0.5613946914672852,0.6488224466641744,0.4744544227917989,0.5572864810625712,0.5665976802508036,0.6021053393681844,0.5684692660967509,0.5521066784858704,0.6347869435946146,0.6687847375869751,0.6379285852114359,0.516811728477478,0.7084582249323527,0.6793291568756104,0.7205297350883484,0.49582632382710773,0.7204542756080627,0.6635027130444845,0.7362543145815531,0.5588875810305277,0.7213721871376038,0.7336084246635437,0.7265151739120483,252
168.17,33.98,3.17,56.47,159.13,145.98,174.09,115.98,0.5791143576304117,0.45840930938720703,0.6455722053845724,0.4603110949198405,0.5708341797192892,0.5176719029744467,0.6656672755877177,0.5018696387608846,0.5740785400072733,0.5607399940490723,0.6602677504221598,0.5009759068489075,0.5727789600690206,0.5730037291844686,0.664687971274058,0.5036511719226837,0.5790711243947347,0.5721950729688009,0.6545502543449402,0.49914276599884033,0.5823238492012024,0.5673575202624003,0.650277853012085,0.4995375374952952,0.5584100683530172,0.5666052500406901,0.6038090586662292,0.5685190161069235,0.5523544947306315,0.6348531047503153,0.6691998839378357,0.6380902727444967,0.5166895985603333,0.7085320949554443,0.6824902097384135,0.7205366889635721,0.4958806137243907,0.7205243309338888,0.6681104699770609,0.7363379597663879,0.5584384600321451,0.7213032643000284,0.7362984220186869,0.7259595394134521,253
166.92,135.99,2.26,42.26,159.96,148.07,175.66,116.33,0.5796139240264893,0.4583708743254344,0.6472694277763367,0.4605091114838918,0.5709124604860941,0.5144948959350586,0.6665640870730082,0.5015405416488647,0.5746632615725199,0.5504524310429891,0.6558968424797058,0.4972301125526428,0.573536217212677,0.5610772768656412,0.6578693985939026,0.497303972641627,0.5798239509264628,0.559479832649231,0.6486083467801412,0.4916724960009257,0.5830613573392233,0.5551100571950277,0.6461445093154907,0.4923742214838664,0.5597243706385294,0.5667554140090942,0.6055119434992472,0.5686031579971313,0.5525103211402893,0.6351461211840311,0.6696909864743551,0.638396143913269,0.5165053804715475,0.7085671623547872,0.6851794521013895,0.7205381989479065,0.49588149785995483,0.7205719749132792,0.6721621553103129,0.7364935477574667,0.5581744710604349,0.7214449842770895,0.739072322845459,0.7253384788831075,254
157.84,76.83,1.03,42.16,160.59,150.2,177.1,116.53,0.5798899134000143,0.45833059151967365,0.6497557163238525,0.4609873096148173,0.5711933970451355,0.5110771854718527,0.6661788622538248,0.5089871684710184,0.574923555056254,0.5457918643951416,0.6492804288864136,0.5241866906483968,0.5736500024795532,0.5558184782663981,0.6492884953816732,0.5280655026435852,0.5807116031646729,0.5542328556378683,0.6410711606343588,0.522541324297587,0.5839582880338033,0.5500186085700989,0.6407185594240824,0.5212325354417165,0.5605970025062561,0.5669915874799093,0.6073324084281921,0.5688271721204122,0.5524909496307373,0.6355069478352865,0.6703056693077087,0.6387093265851339,0.5163376728693644,0.7085895538330078,0.6882190903027853,0.7205267945925394,0.4958813687165578,0.7206198573112488,0.6764396031697592,0.7365174889564514,0.5569841066996256,0.7213281989097595,0.7424695293108622,0.7246336936950684,255
166.32,121.21,0.65,37.14,160.72,152.72,177.27,116.66,0.5806334217389425,0.4585836927096049,0.6514639258384705,0.4613135854403178,0.5723277727762858,0.5077179670333862,0.6672645211219788,0.5074762503306071,0.5806320309638977,0.5400305787722269,0.6452905535697937,0.5155947208404541,0.581046462059021,0.5491549173990885,0.6403756340344747,0.5154015719890594,0.5881027976671854,0.5471871892611185,0.6347394585609436,0.508896658817927,0.590507964293162,0.5431403915087382,0.6353463331858317,0.508421262105306,0.5617682933807373,0.567257841428121,0.608893871307373,0.5691023866335551,0.5526203711827596,0.6357203722000122,0.6709004839261373,0.6391221284866333,0.5162964661916097,0.7085824608802795,0.6907896995544434,0.7205382188161215,0.4959675669670105,0.7206680377324423,0.6800207495689392,0.7365766565004984,0.5559565424919128,0.7210778792699178,0.7458642323811849,0.7239967584609985,256
145.84,70.04,1.16,42.84,162.02,153.68,178.92,117.58,0.5813086827596029,0.45906583468119305,0.6526645024617513,0.46173609296480816,0.5736586252848307,0.5093558033307394,0.6675135493278503,0.5109258890151978,0.5859546264012655,0.5461596250534058,0.6461197336514791,0.5246868133544922,0.5879580775896708,0.5558066169420878,0.6423225998878479,0.5280953347682953,0.5949106216430664,0.5543773372968038,0.6366448203722636,0.5236116151014963,0.5966542363166809,0.5501983960469564,0.637529214223226,0.5225947002569834,0.5627667307853699,0.5674333572387695,0.6101439396540324,0.5694307684898376,0.5527781248092651,0.635812520980835,0.671457568804423,0.6394072572390238,0.5163153807322184,0.7085689107577006,0.6933261553446451,0.7205510338147482,0.4960416754086812,0.7206989725430807,0.6834898392359415,0.7365775307019552,0.5547782977422079,0.7208259105682373,0.7490189075469971,0.7233326037724813,257
147.36,120.08,1.34,36.14,162.33,155.17,179.61,117.45,0.5821977456410726,0.45952614148457843,0.6530600587526957,0.46184168259302777,0.5743727485338846,0.5118649403254191,0.6683367490768433,0.5070410172144572,0.5909585952758789,0.5493229230244955,0.6478718916575114,0.5104270378748575,0.5942643483479818,0.5593729813893636,0.6428973078727722,0.5097436110178629,0.6003877520561218,0.5575114687283834,0.6385575334231058,0.504641463359197,0.6015636126200358,0.5530897180239359,0.6393448909123739,0.504577229420344,0.5640708009401957,0.5675214131673177,0.6110361417134603,0.569619874159495,0.5530375440915426,0.6359470089276632,0.6720661520957947,0.6397003332773844,0.5163346330324808,0.7085725863774618,0.6956301728884379,0.7205603321393331,0.4961122969786326,0.7207293709119161,0.686412493387858,0.7365933060646057,0.5546348492304484,0.7207128802935282,0.7522961099942526,0.7227753400802612,258
149.52,37.78,0.58,42.12,162.69,156.72,179.64,117.91,0.5826836029688517,0.4598041574160258,0.6541610757509867,0.4622459014256795,0.5748973687489828,0.5142520268758138,0.6689879298210144,0.5120582580566406,0.5901208917299906,0.5524200201034546,0.6523486177126566,0.5229119857152303,0.5932650963465372,0.5628679792086283,0.6504050890604655,0.5259610513846079,0.5988309383392334,0.5610439976056417,0.6451522509256998,0.5225028991699219,0.6002535820007324,0.5565369923909506,0.6446741422017416,0.5215315620104471,0.5648600061734518,0.5676759084065756,0.612084964911143,0.5700067480405172,0.5532365441322327,0.636247714360555,0.6729921897252401,0.6400443514188131,0.5163368781407675,0.7085714936256409,0.6980213522911072,0.7205507357915243,0.49609171350797016,0.720721443494161,0.6893781622250875,0.7365813453992208,0.5542498429616293,0.7206381559371948,0.7551817496617635,0.7222389578819275,259
153.39,135.65,1.81,36.39,162.74,156.88,179.26,117.61,0.5830765962600708,0.4598536938428879,0.6543842554092407,0.46234555542469025,0.5751496851444244,0.5152608752250671,0.6695456802845001,0.509902149438858,0.5897481441497803,0.5544463396072388,0.6545764207839966,0.5163016617298126,0.5926382839679718,0.5653855800628662,0.6528404057025909,0.5175467878580093,0.5981434881687164,0.5633720457553864,0.6482443511486053,0.5129480063915253,0.5997210741043091,0.5586293935775757,0.6469519436359406,0.5124242901802063,0.5653428435325623,0.5677242577075958,0.6125200688838959,0.570133775472641,0.5533774495124817,0.6363870799541473,0.6734606027603149,0.6402104198932648,0.5163339674472809,0.7085686326026917,0.6992723345756531,0.720544159412384,0.49608756601810455,0.7207173109054565,0.6907790899276733,0.7365742623806,0.5540967583656311,0.7205430269241333,0.7569393515586853,0.7220397889614105,260
