L_elbow,R_elbow,L_shoulder,R_shoulder,L_knee,R_knee,L_hip,R_hip,11_x,11_y,12_x,12_y,13_x,13_y,14_x,14_y,15_x,15_y,16_x,16_y,17_x,17_y,18_x,18_y,19_x,19_y,20_x,20_y,21_x,21_y,22_x,22_y,23_x,23_y,24_x,24_y,25_x,25_y,26_x,26_y,27_x,27_y,28_x,28_y,29_x,29_y,30_x,30_y,31_x,31_y,32_x,32_y,original_frame
137.54666666666665,142.71,10.81,119.58999999999999,157.08333333333334,164.85333333333332,174.33333333333334,161.07666666666668,0.7615531285603842,0.5994215408960978,0.6578449209531149,0.5806535681088766,0.7556870579719543,0.6475087801615397,0.6915231148401896,0.5573694109916687,0.7805579702059428,0.670756995677948,0.791126032670339,0.5619471470514933,0.7923922936121622,0.6880366007486979,0.8146493236223856,0.5645145972569784,0.7875866095225016,0.6825367410977682,0.8166134357452393,0.5670045614242554,0.7808347543080648,0.679789145787557,0.8097875714302063,0.5685508847236633,0.7291205326716105,0.7016105651855469,0.6684295932451884,0.7000441948572794,0.7139903704325358,0.7731404701868693,0.7077411015828451,0.7883749405543009,0.6742084423700968,0.8302371899286906,0.7225203315416971,0.8833528757095337,0.6559596459070841,0.8374701142311096,0.7085752487182617,0.8946715195973715,0.6964287956555685,0.861377477645874,0.7666516502698263,0.9238438208897909,51.0
128.125,141.425,14.5525,120.375,156.86,164.9325,174.5075,161.1375,0.7615874260663986,0.5994608849287033,0.6577794402837753,0.5805661380290985,0.7588824480772018,0.6470698416233063,0.6913527250289917,0.5566070526838303,0.7981932014226913,0.6650483310222626,0.7903493046760559,0.5619208961725235,0.8130263537168503,0.6809713840484619,0.813912034034729,0.5644248127937317,0.8081919848918915,0.6762218177318573,0.8158447444438934,0.5668549686670303,0.7994717955589294,0.6733577698469162,0.8088472038507462,0.5684256553649902,0.7293026596307755,0.7014532387256622,0.6684798449277878,0.7000407427549362,0.7138736397027969,0.7735632956027985,0.7076761871576309,0.7881515324115753,0.6737180054187775,0.8304444551467896,0.7225844413042068,0.8831982463598251,0.6555730551481247,0.8376901745796204,0.7089665532112122,0.8945539742708206,0.6961009949445724,0.8614782094955444,0.7663251459598541,0.9236040860414505,51.5
122.828,139.512,16.434,121.61600000000001,156.81,165.07,174.628,161.272,0.7615924715995789,0.5994793176651001,0.6576915502548217,0.5805346727371216,0.7604772448539734,0.6468108177185059,0.6909265995025635,0.5556100726127624,0.8047044396400451,0.6623503565788269,0.7886576771736145,0.5618296027183532,0.820880901813507,0.6765470862388611,0.8122465491294861,0.5641728520393372,0.8169352173805237,0.6722535371780396,0.8142171978950501,0.5665223956108093,0.8091074705123902,0.6692508220672607,0.8070174813270569,0.5681964516639709,0.7294069290161133,0.701249647140503,0.6685508131980896,0.6999885082244873,0.713742482662201,0.7737913250923156,0.7076022148132324,0.7880159378051758,0.6734286427497864,0.8305689930915833,0.7226518392562866,0.8830992221832276,0.6553427100181579,0.8377975344657898,0.7091903567314148,0.8944838285446167,0.6959016680717468,0.8615001320838929,0.7662063717842102,0.9235498785972596,52.0
109.19800000000001,135.85,19.818,124.078,156.6,165.30599999999998,174.88000000000002,161.426,0.7615044713020325,0.5995125532150268,0.657545006275177,0.5803870916366577,0.7633180141448974,0.6466294765472412,0.689952838420868,0.5536549806594848,0.8246841788291931,0.6562596201896668,0.7859642386436463,0.5615599632263184,0.8455265641212464,0.6681978940963745,0.8096386790275574,0.5637142658233643,0.8424946308135987,0.6651287198066711,0.8116571068763733,0.5659963130950928,0.8325409650802612,0.6618709564208984,0.8040378808975219,0.5677852511405945,0.7295961141586303,0.7009162545204163,0.6686331391334533,0.6999419927597046,0.7135576248168946,0.7741483330726624,0.7074005365371704,0.7875355005264282,0.6727488398551941,0.8308384656906128,0.7228030562400818,0.8828675031661988,0.6548917174339295,0.8379882931709289,0.7097569346427918,0.8943483233451843,0.6951297283172607,0.861452579498291,0.7659272789955139,0.9233446240425109,53.0
98.81800000000001,131.922,23.01,126.74000000000001,156.196,165.57,175.05599999999998,161.672,0.7612483501434326,0.5993628978729248,0.6574001908302307,0.5802165150642395,0.7659512281417846,0.6461718559265137,0.6889029145240784,0.5515888094902038,0.8404604196548462,0.6500870704650878,0.7830265045166016,0.5612778186798095,0.8650022149085999,0.6604252815246582,0.8068171739578247,0.5632008194923401,0.8625983953475952,0.65835520029068,0.8089145064353943,0.5654226303100586,0.8511542320251465,0.6550958633422852,0.8008478283882141,0.5673604965209961,0.7297611713409424,0.7006290435791016,0.6687042117118835,0.699875819683075,0.7136236429214478,0.7744500637054443,0.7072160482406616,0.7875069141387939,0.6723416328430176,0.8309889554977417,0.7227787017822266,0.8826104283332825,0.6545323371887207,0.8377915978431701,0.709897804260254,0.894130527973175,0.6939691066741943,0.8613592743873596,0.7655869483947754,0.9230291843414307,54.0
98.898,125.33400000000002,23.560000000000002,132.144,155.672,165.738,175.248,161.80599999999998,0.7611058115959167,0.5992192983627319,0.6572900176048279,0.5800586223602295,0.7663999319076538,0.6460792064666748,0.6859143733978271,0.5488477945327759,0.839366364479065,0.6490942120552063,0.7796960711479187,0.560477101802826,0.8639844417572021,0.6589195489883423,0.802993643283844,0.5626072406768798,0.8622329831123352,0.6565753698349,0.8052291393280029,0.5649049878120422,0.8505673885345459,0.6532632112503052,0.7967466354370117,0.5667312145233154,0.7299363374710083,0.7004691123962402,0.6686935305595398,0.6998132348060608,0.7136667966842651,0.7747175693511963,0.7070729851722717,0.7875248789787292,0.6719603419303894,0.8306977272033691,0.7227341175079346,0.882442033290863,0.6540424346923828,0.8367910027503968,0.7098682403564454,0.8940746665000916,0.6912061333656311,0.8607136368751526,0.765404999256134,0.9228261709213257,55.0
97.63,117.94800000000001,22.32,138.642,155.19400000000002,165.86399999999998,175.346,161.868,0.7609305381774902,0.5990705370903016,0.6572191953659058,0.5799010515213012,0.7653376698493958,0.6465487122535706,0.681912100315094,0.5462068080902099,0.8360078573226929,0.6493281126022339,0.7751493453979492,0.5592775106430053,0.8615700840950012,0.6586727261543274,0.7979434967041016,0.5616262316703796,0.8612808108329773,0.6562144994735718,0.8001036524772644,0.5638923883438111,0.8497852087020874,0.6528457164764404,0.7911343097686767,0.5656509757041931,0.7299916267395019,0.7002920389175415,0.6686334729194641,0.6997464537620545,0.7136832714080811,0.7748275876045227,0.7069306135177612,0.787527334690094,0.6716322064399719,0.8303446650505066,0.7226713061332702,0.8822710871696472,0.6536486625671387,0.8359347224235535,0.7098070025444031,0.8939895033836365,0.6890676617622375,0.8601397275924683,0.7651870131492615,0.9226776480674743,56.0
110.444,108.73999999999998,21.172,147.676,154.712,165.934,175.454,161.862,0.7608928680419922,0.5989240765571594,0.6571655869483948,0.5797166585922241,0.7644562721252441,0.6470549702644348,0.6759116530418396,0.5431984782218933,0.821254289150238,0.6533750891685486,0.770630669593811,0.5567732453346252,0.8419142246246338,0.6634688258171082,0.7923529148101807,0.5601019501686096,0.8413316965103149,0.6611561298370361,0.7943241834640503,0.5623377680778503,0.8303401708602905,0.6572633504867553,0.7852434992790223,0.5636795043945313,0.7301135897636414,0.7001944184303284,0.6685442686080932,0.6997184514999389,0.7137369394302369,0.7749292850494385,0.7067843675613403,0.7874376535415649,0.6712722182273865,0.8299946188926697,0.7226017355918884,0.8821039438247681,0.6532485961914063,0.8351685166358948,0.7098377346992493,0.8939046859741211,0.6873665452003479,0.8596594572067261,0.7649039506912232,0.9224479675292969,57.0
126.828,99.652,19.089999999999996,156.696,153.874,166.038,175.326,161.988,0.7609448671340943,0.5986415147781372,0.6570958256721496,0.5793890118598938,0.7627735495567322,0.6472732424736023,0.6694411635398865,0.539896035194397,0.8050869703292847,0.6579671978950501,0.7646990776062011,0.5536424040794372,0.8190852999687195,0.6687394261360169,0.7854752659797668,0.557835865020752,0.8188581824302673,0.6661643743515014,0.7872496962547302,0.5600223302841186,0.8093798995018006,0.6618645548820495,0.7780892372131347,0.5609674334526062,0.7302785754203797,0.6997329592704773,0.6684816360473633,0.6992589473724365,0.7139960885047912,0.7750279784202576,0.706665825843811,0.7873404741287231,0.6709662199020385,0.8294742226600647,0.7224232792854309,0.8817656636238098,0.6529332399368286,0.8339788794517518,0.709811532497406,0.8936123371124267,0.6843985319137573,0.8593113422393799,0.7644461393356323,0.9220977902412415,58.0
141.412,89.574,16.949999999999996,164.68200000000002,153.398,166.20999999999998,175.328,162.172,0.7612592816352844,0.5984056472778321,0.656833815574646,0.5790959358215332,0.7611828446388245,0.6475263953208923,0.6611102461814881,0.536618423461914,0.786915636062622,0.6630666971206665,0.7580700159072876,0.5488992929458618,0.7949056148529052,0.674977707862854,0.7780583620071411,0.553740119934082,0.7941733241081238,0.6717011332511902,0.7796964406967163,0.5559566259384155,0.7868168354034424,0.6673118472099304,0.7706406950950623,0.5564243912696838,0.730463182926178,0.6992918729782105,0.6683561563491821,0.6987881422042846,0.7138836741447449,0.7753037691116333,0.7064554214477539,0.7871404647827148,0.6705424547195434,0.8290117383003235,0.7223133087158203,0.881531274318695,0.6521713376045227,0.8332078456878662,0.7099266886711121,0.8934197664260864,0.6823532938957214,0.8590325832366943,0.7641412734985351,0.9218581438064575,59.0
156.274,82.018,14.867999999999999,169.2,153.154,166.478,175.472,162.49,0.7615100979804993,0.5981754302978516,0.6565086007118225,0.5787989854812622,0.7596380352973938,0.6481167197227478,0.6540883302688598,0.5341628670692444,0.769634997844696,0.6690184235572815,0.7514899849891663,0.5440638184547424,0.7722409009933472,0.6823010087013245,0.771315586566925,0.5490723371505737,0.7713104486465454,0.678562343120575,0.7727002382278443,0.5512688636779786,0.7657794117927551,0.6743620872497559,0.7639747381210327,0.5515095114707946,0.7307685732841491,0.698875117301941,0.6683136105537415,0.6983166575431824,0.713831627368927,0.7756006360054016,0.7062311172485352,0.7869924545288086,0.6702279090881348,0.8288910746574402,0.7222455859184265,0.8813602089881897,0.6515662193298339,0.8330647706985473,0.7100855588912964,0.8932635903358459,0.6815379500389099,0.8593079924583436,0.7638350367546082,0.92161865234375,60.0
170.678,75.66,13.288,170.63799999999998,152.90800000000002,166.76999999999998,175.53000000000003,162.874,0.7617480874061584,0.597981309890747,0.6560313105583191,0.578415036201477,0.7584634065628052,0.6484038829803467,0.6467610001564026,0.5321542978286743,0.7521710991859436,0.6748642921447754,0.7449360489845276,0.5381522655487061,0.7480518102645874,0.689332640171051,0.764487624168396,0.5429536700248718,0.7464565992355346,0.685206413269043,0.7659583210945129,0.5452674627304077,0.7431781053543091,0.681181263923645,0.7579207062721253,0.545326316356659,0.7310645461082459,0.6984456181526184,0.6682741522789002,0.6978132963180542,0.7139045000076294,0.7757525444030762,0.7059705138206482,0.786696982383728,0.6700496673583984,0.828753650188446,0.7222152948379517,0.8811796307563782,0.6510591268539428,0.8325510263442993,0.7103485107421875,0.8931535840034485,0.68015056848526,0.8595995783805848,0.7635370850563049,0.9212895154953002,61.0
171.58599999999998,71.784,11.966,167.51399999999998,152.594,167.026,175.652,163.32,0.7618653178215027,0.5977152943611145,0.6554342746734619,0.5779168725013732,0.7574371933937073,0.6485779643058777,0.6403220057487488,0.5310621500015259,0.7507398247718811,0.675959312915802,0.7366751074790955,0.532360577583313,0.7465132474899292,0.6910693287849426,0.7568448066711426,0.5359565854072571,0.7448943853378296,0.6864556312561035,0.7586010813713073,0.538369083404541,0.7415943741798401,0.682969069480896,0.7510300874710083,0.5387238383293151,0.731313967704773,0.6980475187301636,0.6682249903678894,0.6973238945007324,0.7138786792755127,0.7761023163795471,0.7057482719421386,0.7866110324859619,0.6699041128158569,0.8285224795341491,0.7220897078514099,0.8810013413429261,0.6505746841430664,0.8318220615386963,0.7103018760681152,0.8930451035499573,0.6782478451728821,0.8598379254341125,0.7632296800613403,0.920958423614502,62.0
170.044,69.22,11.778,163.20999999999998,152.69400000000002,167.18800000000002,175.954,163.62,0.7619793891906739,0.5976570248603821,0.6548277139663696,0.5775090336799622,0.7573827862739563,0.6489221692085266,0.6346717357635498,0.5309867858886719,0.7496398210525512,0.6776250123977661,0.73054358959198,0.5272695183753967,0.7458619236946106,0.6927522778511047,0.7508928060531617,0.5298560976982116,0.7438697814941406,0.6881935715675354,0.7527686476707458,0.5322043895721436,0.741100525856018,0.6851887941360474,0.7458269357681274,0.5327739715576172,0.7314959645271302,0.697993791103363,0.6681611180305481,0.6972407579421998,0.7136018753051758,0.7764049768447876,0.7055479764938355,0.7864655494689942,0.6696843385696412,0.8284504890441895,0.7220867872238159,0.8809885501861572,0.6499123692512512,0.8315549612045288,0.7103965759277344,0.8931339859962464,0.6776479005813598,0.8600717782974243,0.7630011677742005,0.9206485509872436,63.0
169.89,69.396,11.841999999999999,158.86599999999999,152.93800000000002,167.25,176.412,163.976,0.7617142677307129,0.5976035833358765,0.6541144967079162,0.5772104263305664,0.7573254108428955,0.6490991234779357,0.6294631242752076,0.531103539466858,0.7495195269584656,0.6783104777336121,0.7201545238494873,0.520652961730957,0.7457886338233948,0.692997133731842,0.7397887349128723,0.521623432636261,0.7440901041030884,0.6887632489204407,0.7419667959213256,0.5239133477210999,0.7415568351745605,0.6858393311500549,0.7358127355575561,0.5249322056770325,0.7315940022468567,0.6979311347007752,0.668153977394104,0.6971773028373718,0.7132214069366455,0.776720130443573,0.7054819703102112,0.786421024799347,0.6695974588394165,0.8283676981925965,0.7220701098442077,0.8809771060943603,0.6497348546981812,0.8312408328056335,0.7101862311363221,0.8932564973831176,0.6778392672538758,0.8602869391441346,0.7628782629966736,0.9204557061195373,64.0
170.394,70.754,11.908,154.278,153.18800000000002,167.292,176.98,164.368,0.7613844871520996,0.5974575757980347,0.6533085227012634,0.5769492149353027,0.7573165774345398,0.6488054394721985,0.6235483288764954,0.5312857270240784,0.7498581647872925,0.6785008072853088,0.7062355518341065,0.5134214341640473,0.7464581608772278,0.6926427721977234,0.7253971934318543,0.5128496944904327,0.7444328904151917,0.6887067675590515,0.728390371799469,0.5149773120880127,0.7426471710205078,0.6857382535934449,0.7227882981300354,0.5164667844772339,0.7317827820777894,0.6978399515151977,0.668149197101593,0.6971299529075623,0.712901508808136,0.7770086765289307,0.7054123878479004,0.7863369941711426,0.669527530670166,0.8282917499542236,0.7220407843589782,0.8809768557548523,0.6495660185813904,0.8310745120048523,0.7100874781608582,0.8934305071830749,0.6785330533981323,0.8604166984558106,0.7627474427223205,0.9202771306037902,65.0
171.05599999999998,74.748,12.09,150.7,153.58599999999998,167.324,177.694,164.766,0.761064887046814,0.5972824454307556,0.6525179147720337,0.5767608046531677,0.7574318289756775,0.6484208464622497,0.6183403611183167,0.531424057483673,0.7504574179649353,0.678664481639862,0.6902300357818604,0.506417191028595,0.7475503563880921,0.6921615958213806,0.7089877605438233,0.5046549916267395,0.7454153895378113,0.6885190606117249,0.7125752091407775,0.5064905703067779,0.7438703656196595,0.685440468788147,0.7075608968734741,0.5083733558654785,0.7319491386413575,0.6978655815124511,0.6681545734405517,0.6972642421722413,0.7123045921325684,0.777579665184021,0.7053643941879273,0.7865355491638184,0.6694274544715881,0.8282242774963379,0.7219362497329712,0.8809851169586181,0.6492362976074219,0.8309919118881226,0.7097035408020019,0.8935797333717346,0.6791426777839661,0.8603118062019348,0.7626493573188782,0.9201888322830201,66.0
170.816,81.84200000000001,12.366,148.104,153.86599999999999,167.292,178.24399999999997,165.08999999999997,0.7607995271682739,0.5972442150115966,0.6517773747444153,0.5766945481300354,0.757633376121521,0.6482743978500366,0.6140274167060852,0.5315826416015625,0.7505448818206787,0.6795730352401733,0.6735081791877746,0.49988666772842405,0.7477899074554444,0.6923341274261474,0.6911468148231507,0.49730860590934756,0.745837676525116,0.6890661716461182,0.6957077026367188,0.49871436357498167,0.7443849086761475,0.68580402135849,0.691249144077301,0.5007672607898712,0.732100784778595,0.6979286193847656,0.6681308150291443,0.6974695205688477,0.7118919849395752,0.7780322194099426,0.7053102135658265,0.7866947770118713,0.6693261146545411,0.8282458424568176,0.7217795252799988,0.8809188604354858,0.6490543961524964,0.8309707641601562,0.7093625545501709,0.8934992790222168,0.6794255971908569,0.8603026628494262,0.7625478029251098,0.9200924634933472,67.0
170.31799999999998,91.58,12.674000000000001,145.27,153.66199999999998,167.25799999999998,178.544,165.406,0.7605383038520813,0.5972599506378173,0.6510533332824707,0.5766839742660522,0.7578706622123719,0.6481295466423035,0.6093152642250061,0.5317941904067993,0.7507009148597718,0.6798967361450196,0.653552520275116,0.4932166516780853,0.7481907486915589,0.6921075582504272,0.6693071603775025,0.4890818178653717,0.7465436577796936,0.6891286492347717,0.6756070375442504,0.4901386022567749,0.7451121807098389,0.6855397820472717,0.6720697760581971,0.4926280498504639,0.7322538733482361,0.6980485439300537,0.6680995106697083,0.6977506756782532,0.7118564248085022,0.7785238742828369,0.7052418470382691,0.7869374990463257,0.6693086504936219,0.8282367587089539,0.7215922474861145,0.8809147953987122,0.6491354823112487,0.8308219075202942,0.7089450240135193,0.8934391260147094,0.679279911518097,0.8602361917495728,0.7624140381813049,0.9200797796249389,68.0
170.052,100.562,12.910000000000002,143.128,153.17,167.152,178.55599999999998,165.56,0.7605677723884583,0.5973443865776062,0.6506115436553955,0.5766686916351318,0.7581998229026794,0.6482524871826172,0.6056373715400696,0.5319263339042664,0.750886607170105,0.6808671593666077,0.6373459696769714,0.4896713197231293,0.7484063267707824,0.692462956905365,0.6517105579376221,0.48479287028312684,0.7469177603721618,0.6897844433784485,0.6597393751144409,0.4854629933834076,0.7454828262329102,0.6859438419342041,0.6568405747413635,0.48822092413902285,0.7324074864387512,0.6983730912208557,0.66807941198349,0.6981203079223632,0.7121456027030945,0.7788266062736511,0.7051896810531616,0.7871604561805725,0.6692781448364258,0.8281986951828003,0.7213328242301941,0.8808190822601318,0.649251663684845,0.8306089997291565,0.7087279558181763,0.8932531714439392,0.6783656477928162,0.8601813197135926,0.76198308467865,0.9199594616889953,69.0
169.33200000000002,113.256,13.23,141.27800000000002,152.16199999999998,167.07799999999997,178.158,165.684,0.7606477379798889,0.5976927757263184,0.6503109693527221,0.5766533970832824,0.758527958393097,0.6487834811210632,0.6023526430130005,0.53213050365448,0.7508629441261292,0.6819027423858642,0.6200009226799011,0.4875185012817383,0.747996163368225,0.6928283929824829,0.6310433149337769,0.48171964287757874,0.7467432618141174,0.6905362963676452,0.6403929352760315,0.48178879618644715,0.7453829407691955,0.6862839579582214,0.6385377764701843,0.4848687171936035,0.7324050664901733,0.698796808719635,0.6680755734443664,0.6985609531402588,0.7127089619636535,0.7791263222694397,0.7051443815231323,0.7875807404518127,0.6692495703697204,0.8280431628227234,0.7210497736930848,0.8807648777961731,0.6494749069213868,0.830205774307251,0.7084021210670471,0.8929818272590637,0.6771347641944885,0.8600913643836975,0.7614750981330871,0.9198212027549744,70.0
169.38400000000001,125.03400000000002,13.532,139.48200000000003,151.03400000000002,167.042,177.62,165.818,0.7607227444648743,0.5980543494224548,0.6501571655273437,0.5766355514526367,0.7588311076164246,0.6493689298629761,0.5994819879531861,0.5325843214988708,0.7513100385665894,0.6826692223548889,0.6047574400901794,0.4867707431316376,0.7482340216636658,0.6933895468711853,0.6123157858848571,0.47989088892936704,0.747048270702362,0.6913628816604614,0.623327374458313,0.4792755007743835,0.7456673860549927,0.6867879629135132,0.6223279356956481,0.48270498514175414,0.7324148178100586,0.6991315722465515,0.668129277229309,0.6988605380058288,0.71353600025177,0.7791420698165894,0.7050880074501038,0.7878795623779297,0.6692715883255005,0.8278791785240174,0.720772385597229,0.8807170510292053,0.6499285697937012,0.8298075675964356,0.7081871390342712,0.892707371711731,0.6759658455848694,0.8601349949836731,0.7610593557357788,0.9196362614631652,71.0
169.914,136.056,13.848000000000003,137.546,149.65800000000002,167.068,176.954,165.922,0.7607596635818481,0.5984084844589234,0.650108814239502,0.576605498790741,0.7591292262077332,0.6497845888137818,0.5965723752975464,0.5332095503807068,0.7521581649780273,0.682778537273407,0.5901847362518311,0.4869117259979248,0.7489092826843262,0.6936844110488891,0.5944729328155518,0.47876145243644713,0.7475431799888611,0.6916658878326416,0.6056887626647949,0.47749894857406616,0.7461104273796082,0.6870383381843567,0.6056712746620179,0.4812823235988617,0.732425057888031,0.6994331479072571,0.6682104110717774,0.6990980625152587,0.7145754575729371,0.7791051149368287,0.7050344109535217,0.7880629539489746,0.669290018081665,0.8277125597000122,0.7206200361251831,0.8806671142578125,0.6502179861068725,0.8294818520545959,0.7086276054382324,0.8925712704658508,0.6752332806587219,0.8600836634635926,0.7603575348854065,0.9194253802299499,72.0
170.768,145.11,14.196000000000002,135.638,148.66400000000002,167.12,176.428,166.00799999999998,0.7608421444892883,0.5988003730773925,0.6501247882843018,0.5765669822692872,0.7594682216644287,0.6501923203468323,0.5938676595687866,0.5339820861816407,0.7532380819320679,0.6827356457710266,0.5773896217346192,0.487328839302063,0.7498652100563049,0.6939364075660706,0.5786836624145508,0.478541773557663,0.7482929110527039,0.6918341875076294,0.5894758343696594,0.4765036702156067,0.746764886379242,0.6871888995170593,0.5904485821723938,0.48036763072013855,0.7324183702468872,0.6997503757476806,0.6683027148246765,0.6993348240852356,0.7153294086456299,0.7790856838226319,0.7049936175346374,0.7882816433906555,0.6693209290504456,0.8275735974311829,0.7204820513725281,0.8804903745651245,0.6504260182380677,0.8292394876480103,0.7091590404510498,0.8923128247261047,0.6755807399749756,0.860148549079895,0.7595889687538147,0.9190759301185608,73.0
171.48999999999998,154.366,14.596,133.75,147.59199999999998,167.24200000000002,175.802,166.114,0.7609620690345764,0.5991522073745728,0.6501592755317688,0.576535701751709,0.7598786115646362,0.6504622340202332,0.5910951852798462,0.5347912907600403,0.7543863177299499,0.6822748422622681,0.5635955929756165,0.487771213054657,0.7508338570594788,0.6938304662704468,0.5608209490776062,0.47865536212921145,0.7489836096763611,0.6916601181030273,0.5705486059188842,0.4756109595298767,0.747374165058136,0.6869574189186096,0.5727140188217164,0.4794865548610687,0.7324571490287781,0.699876606464386,0.6683890581130981,0.6995033383369446,0.7161966681480407,0.7790630340576172,0.7049309372901916,0.7885083198547364,0.6694977879524231,0.8274006843566895,0.7204082369804382,0.8803906679153443,0.6507524371147155,0.8290069818496704,0.709703266620636,0.8920530200004577,0.6758525252342225,0.8602164626121521,0.759113895893097,0.9188469290733338,74.0
172.268,159.58599999999998,15.042000000000002,132.20600000000002,146.91400000000002,167.32600000000002,175.298,166.16400000000002,0.7610853672027588,0.5994319081306457,0.6501907587051392,0.5764996886253357,0.760297954082489,0.6505698680877685,0.589060389995575,0.5357092022895813,0.7554580688476562,0.6824032068252563,0.5532610654830933,0.4881539225578308,0.7518816351890564,0.694070303440094,0.5469958782196045,0.4791731297969818,0.7497852206230163,0.6918203949928283,0.5551559686660766,0.47556511759757997,0.7480430960655212,0.6871993184089661,0.5586124539375306,0.4793736100196838,0.7324167609214782,0.6999459862709045,0.6684386372566223,0.6995981812477112,0.7167024135589599,0.7791879296302795,0.7048586130142211,0.7885277509689331,0.6696828484535218,0.8273656129837036,0.7203515291213989,0.8801732540130616,0.6509803652763366,0.8289839506149292,0.7104005455970764,0.8916795372962951,0.6762791991233825,0.8603575468063355,0.7587233543395996,0.9187239646911621,75.0
173.182,163.692,15.408000000000001,130.91199999999998,146.20600000000002,167.366,174.724,166.152,0.7612231254577637,0.599739158153534,0.6502033591270446,0.5764829754829407,0.7606457829475403,0.650628924369812,0.587308132648468,0.5364679574966431,0.7564669609069824,0.682516360282898,0.5443174242973328,0.4884307742118835,0.7529130101203918,0.6942251563072205,0.5344785809516907,0.4798371434211731,0.7505788445472718,0.6919467449188232,0.540632140636444,0.47598896622657777,0.7487440347671509,0.6874497771263123,0.5455118298530579,0.4796851575374603,0.7323668718338012,0.7000197172164917,0.6684282422065735,0.6997020006179809,0.7172750949859619,0.7793166518211365,0.7048074722290039,0.7885652780532837,0.6698587775230408,0.8274501204490662,0.7203301429748535,0.8800666451454162,0.6511909008026123,0.8291325688362121,0.7110718846321106,0.8914302110671997,0.6770568370819092,0.8606260418891907,0.7583348989486695,0.9186815619468689,76.0
172.79000000000002,167.28799999999998,15.951999999999998,129.76,145.81799999999998,167.418,174.40400000000002,166.214,0.7613651752471924,0.6000002741813659,0.6501852631568908,0.5764828681945801,0.7611950755119323,0.6506895661354065,0.5858797669410706,0.5373731851577759,0.757028329372406,0.6827417373657226,0.536531949043274,0.4904402673244476,0.7534858465194703,0.6944032192230225,0.5226348638534546,0.4819820523262024,0.7510280728340148,0.6921096682548523,0.5273494720458984,0.4778804540634155,0.7491482257843017,0.6877248048782348,0.5338394999504089,0.48149428963661195,0.7323558926582336,0.7002403736114502,0.6684863686561584,0.6998927235603333,0.7176088333129883,0.7794809341430664,0.7047477722167969,0.7886498093605041,0.6700043439865112,0.8275437593460083,0.7202628493309021,0.8800004005432129,0.6513788342475891,0.8292986869812011,0.7112621784210205,0.891205632686615,0.677651560306549,0.8609064102172852,0.7580274105072021,0.9185628533363343,77.0
171.12800000000001,170.596,16.677999999999997,128.892,145.666,167.498,174.316,166.37400000000002,0.7614628314971924,0.6000359892845154,0.6501388549804688,0.5765269160270691,0.7619488000869751,0.6506835103034974,0.5848259687423706,0.5382463216781617,0.7573668241500855,0.6822631239891053,0.5302844524383545,0.4931099772453308,0.753894031047821,0.6941938281059266,0.5127856612205506,0.4848798930644989,0.7511356949806214,0.6916660070419312,0.5159401178359986,0.48048967123031616,0.7492305278778076,0.687336802482605,0.5238816380500794,0.48410443067550657,0.7324364304542541,0.7004141092300415,0.6686372637748719,0.7000792741775512,0.7178314447402954,0.7796533107757568,0.7046878337860107,0.7886734485626221,0.6701290249824524,0.827726686000824,0.7202136278152466,0.880092465877533,0.6515135645866394,0.829484224319458,0.7113767743110657,0.8912605166435241,0.6775562763214111,0.8611286282539368,0.757878041267395,0.9186301589012146,78.0
168.752,173.552,17.952,127.984,146.018,167.534,174.502,166.54000000000002,0.7615602970123291,0.6000369191169739,0.6500881314277649,0.5765836000442505,0.7631970524787903,0.650681984424591,0.5838525891304016,0.5393272519111634,0.7581095337867737,0.6818242192268371,0.5243912100791931,0.4966597676277161,0.7545767068862915,0.694022250175476,0.5031448125839233,0.48870726227760314,0.7514168381690979,0.691253399848938,0.505121898651123,0.48443430066108706,0.7495710492134094,0.6869307637214661,0.5145685553550721,0.48797528743743895,0.7325186610221863,0.7005922675132752,0.6688299536705017,0.7002411365509034,0.7177047014236451,0.7796780943870545,0.7046612977981568,0.7885780811309815,0.6701030492782593,0.8279594898223877,0.7201640486717225,0.8801360607147217,0.6514402270317078,0.8298041105270386,0.7113128900527954,0.8913632750511169,0.6778273582458496,0.8613194346427917,0.7580760955810547,0.9186975121498108,79.0
166.528,175.56400000000002,19.342,127.04199999999999,146.988,167.57800000000003,174.93599999999998,166.714,0.7616345286369324,0.5999026298522949,0.6499671101570129,0.5766461372375489,0.7645574331283569,0.6506160378456116,0.5826059579849243,0.5404415249824523,0.7593113541603088,0.6801803350448609,0.5187125205993652,0.5010117888450623,0.7558997631072998,0.6929885387420655,0.4949668824672699,0.49350793957710265,0.7519321918487549,0.6898927211761474,0.49599971175193786,0.4894707202911377,0.750070309638977,0.6854845762252808,0.506400752067566,0.49274619817733767,0.732624614238739,0.7006715297698974,0.6690409779548645,0.7003804564476013,0.7173720479011536,0.7792159199714661,0.70464186668396,0.7882806301116944,0.6700514793395996,0.8282096147537231,0.7202524662017822,0.8803224205970764,0.6512680172920227,0.8301289677619934,0.7111468315124512,0.8918122887611389,0.6781246542930603,0.8614757657051086,0.7583111166954041,0.9186841726303101,80.0
164.474,177.024,20.988,125.974,148.232,167.738,175.614,166.906,0.7616986632347107,0.5997394323348999,0.6498509407043457,0.5767110228538513,0.7661511659622192,0.6505380868911743,0.5812009334564209,0.5416808485984802,0.7609403252601623,0.6785197973251342,0.5121059119701385,0.5062007427215576,0.7573992252349854,0.6919272422790528,0.4861903727054596,0.4995447337627411,0.7525798320770264,0.6885205984115601,0.48682684898376466,0.49547247886657714,0.7507825136184693,0.6839904427528382,0.49799689650535583,0.49830593466758727,0.7327400803565979,0.7007458686828614,0.6692612409591675,0.700501310825348,0.7167219996452332,0.7787624716758728,0.7046066403388977,0.7879645824432373,0.6699062585830688,0.8283099174499512,0.7204941511154175,0.8804730772972107,0.6509596705436707,0.8302555322647095,0.7110446572303772,0.8923962235450744,0.6779586195945739,0.8614637970924377,0.7587701439857483,0.9188580274581909,81.0
162.478,176.832,22.68,125.02000000000001,149.55,167.98399999999998,176.35399999999998,167.168,0.7617733359336853,0.5995562672615051,0.6496670603752136,0.5767869472503662,0.7678186774253846,0.650461983680725,0.5795481085777283,0.542775321006775,0.7627544522285461,0.6768963456153869,0.5057973146438599,0.5102851271629334,0.7589721798896789,0.6909088850021362,0.47862181067466736,0.5053357005119323,0.7533133625984192,0.6871767163276672,0.47913811206817625,0.5015340685844422,0.7516226530075073,0.6825021982192994,0.49069842100143435,0.5037371218204498,0.7329482436180115,0.7005936026573181,0.6694978237152099,0.7005104422569275,0.7160306334495544,0.7783614158630371,0.704585611820221,0.7876272678375245,0.6697813630104065,0.8284344792366027,0.7208696246147156,0.8806800842285156,0.6506500244140625,0.8303799867630005,0.7110708236694336,0.8930537104606628,0.6779432654380798,0.8616292357444764,0.7594481348991394,0.9192347526550293,82.0
160.82599999999996,176.04199999999997,24.296,123.88399999999999,150.64600000000002,168.17400000000004,176.91,167.40400000000002,0.7618476510047912,0.5995149970054626,0.6493340492248535,0.5768267869949341,0.7693743944168091,0.6504535913467407,0.5771416902542115,0.5438927292823792,0.7644113063812256,0.6763684153556824,0.49740192890167234,0.5143573403358459,0.7602770090103149,0.6905825018882752,0.4693735182285309,0.5112502038478851,0.7539832592010498,0.686766254901886,0.46942874789237976,0.5081170678138733,0.7524110913276673,0.6819398760795593,0.48107168078422546,0.5096781432628632,0.7330897927284241,0.70045907497406,0.6696314811706543,0.7004754304885864,0.7154296398162842,0.7780977010726928,0.7045626044273376,0.7872953772544861,0.6698026537895203,0.8284708619117737,0.721228551864624,0.8809134006500244,0.6504777073860168,0.8304398536682129,0.7110972166061401,0.8936976552009582,0.6780257225036621,0.8616436362266541,0.7601798892021179,0.9197507500648499,83.0
159.796,174.566,25.272,122.93400000000001,151.512,168.38600000000002,177.37600000000003,167.702,0.7618710041046143,0.5995060563087463,0.6488442063331604,0.5768526196479797,0.770317542552948,0.6504534006118774,0.5747123599052429,0.5449231147766114,0.7654591917991638,0.6758506059646606,0.4910134255886078,0.5181662678718567,0.7611187696456909,0.6902433633804321,0.46350799798965453,0.5165847778320313,0.7544406771659851,0.686358642578125,0.4632647693157196,0.5138000011444092,0.7529271483421326,0.681408679485321,0.4748656988143921,0.51497563123703,0.7332310676574707,0.7002613186836243,0.6697242617607116,0.7004300713539123,0.714931583404541,0.7779844164848327,0.7045332074165345,0.787075686454773,0.6698332309722901,0.8285369396209716,0.7215970158576965,0.8812092781066895,0.6503346562385559,0.8305431365966797,0.7112802386283874,0.894223439693451,0.6781124353408814,0.8616782784461975,0.7605660438537598,0.9202614426612854,84.0
160.448,173.382,26.176,122.016,152.302,168.582,177.916,168.164,0.7618691682815552,0.5995228052139282,0.6481206536293029,0.5768768548965454,0.7711966872215271,0.6504084587097168,0.5721847534179687,0.5461948990821839,0.7670753359794616,0.6755945324897766,0.48526206612586975,0.5223604321479798,0.7622536301612854,0.690056574344635,0.45803913474082947,0.5220185399055481,0.7553526520729065,0.6862969994544983,0.45779335498809814,0.5194708347320557,0.7539674878120423,0.6812568426132202,0.46928085684776305,0.520467746257782,0.7334076523780823,0.7001358866691589,0.6698385119438172,0.7004063844680786,0.714346194267273,0.7782321333885193,0.7045020461082458,0.7870460987091065,0.669812285900116,0.8287195682525634,0.7218024969100952,0.8814201831817627,0.6501295804977417,0.8310381889343261,0.7113175868988038,0.8945105671882629,0.6791185021400452,0.8616268157958984,0.7609270453453064,0.9207338452339172,85.0
160.654,172.776,27.084000000000003,121.19800000000001,153.15800000000002,168.7,178.39600000000002,168.80200000000002,0.7618207693099975,0.5994031548500061,0.6470290660858155,0.5768832325935364,0.7720827698707581,0.6501129508018494,0.5688840746879578,0.5474468469619751,0.76851886510849,0.6751495838165283,0.4800174474716187,0.5261952757835389,0.7635605573654175,0.6897609114646912,0.4530721724033356,0.5267150521278381,0.756182062625885,0.6861230254173278,0.452144718170166,0.5246698021888733,0.754801893234253,0.6810290932655334,0.4636039614677429,0.525572907924652,0.7336526155471802,0.699992322921753,0.6699460625648499,0.7003837466239929,0.7137855887413025,0.7784798383712769,0.7044247984886169,0.7869871616363525,0.6698838233947754,0.8288968086242676,0.7217962861061096,0.881553840637207,0.650031054019928,0.8315298438072205,0.7113103628158569,0.894571316242218,0.6801610589027405,0.8614258289337158,0.7610099196434021,0.9210075855255127,86.0
161.06,172.772,28.034000000000002,119.904,153.998,168.726,178.71200000000002,169.342,0.7616978645324707,0.5992563128471374,0.6458994746208191,0.5768750190734864,0.7729223847389222,0.6497788906097413,0.565013074874878,0.5493164539337159,0.7700234413146972,0.6746594667434692,0.47471654415130615,0.5306494832038879,0.7650112271308899,0.6894208073616028,0.44812058210372924,0.5313769936561584,0.7570533871650695,0.6859050273895264,0.4465178906917572,0.5295118570327759,0.755638325214386,0.6807680010795594,0.4578694820404053,0.530518114566803,0.7337638020515442,0.6999128937721253,0.6699301958084106,0.700355327129364,0.713189172744751,0.7786599278450013,0.7043237209320068,0.786923086643219,0.6699801325798035,0.8289919137954712,0.7216975808143615,0.8816448450088501,0.6499867916107178,0.8319431781768799,0.711194384098053,0.8946070313453675,0.6811812162399292,0.8610327363014221,0.7610697507858276,0.921229112148285,87.0
160.802,173.274,29.172000000000004,118.362,154.82,168.73600000000002,178.956,169.844,0.7615641832351685,0.5990930318832397,0.6447962880134582,0.576894211769104,0.7739465832710266,0.6494617938995362,0.5609636187553406,0.5516707897186279,0.77156662940979,0.6739719629287719,0.47035626173019407,0.5354692339897156,0.7664597272872925,0.6888138175010681,0.44372357726097106,0.5363200664520263,0.7579756259918213,0.685385274887085,0.4418116509914398,0.5344451785087585,0.7565322279930115,0.6802971601486206,0.45340182185173034,0.5355221629142761,0.7338622093200684,0.6998470067977905,0.6698853135108948,0.7003349304199219,0.7124797105789185,0.7788012027740479,0.7042140007019043,0.7868501543998718,0.6697260737419128,0.8291573166847229,0.7215690374374389,0.8816093802452087,0.6496361494064331,0.8324835419654846,0.7109821319580079,0.8944744229316711,0.6820645093917846,0.8607864737510681,0.7611534357070923,0.921275007724762,88.0
160.002,173.908,30.571999999999996,116.904,155.704,168.778,179.208,170.31599999999997,0.7614141821861267,0.5988710999488831,0.6437183380126953,0.5769224405288697,0.7752265691757202,0.6491019606590271,0.5571968913078308,0.5539807200431823,0.7732476711273193,0.6732937574386597,0.46590365171432496,0.5397337436676025,0.7679978728294372,0.6882213473320007,0.43964860439300535,0.540648078918457,0.758931839466095,0.6848881602287292,0.4372199237346649,0.5387675523757934,0.7574673175811768,0.6798572063446044,0.4487179577350616,0.5398312926292419,0.7339448690414428,0.6998041987419128,0.6697962045669555,0.7003120660781861,0.7117860078811645,0.7789345026016236,0.7040698647499084,0.786800229549408,0.6696825146675109,0.8292196035385132,0.7214569330215455,0.8815896511077881,0.6495510816574097,0.8327557206153869,0.7108505129814148,0.8945133924484253,0.6828269243240357,0.8604256391525269,0.7612837433815003,0.9213287472724915,89.0
156.58999999999997,175.208,32.178,114.928,156.31599999999997,168.878,179.118,170.666,0.7612507820129395,0.5985949993133545,0.6428906202316285,0.5769824862480164,0.7767171740531922,0.6487450003623962,0.5536745667457581,0.5570673108100891,0.7740136623382569,0.673018503189087,0.4619885981082916,0.5443917274475097,0.7686632990837097,0.6879308223724365,0.4357868731021881,0.5452672123908997,0.7592610597610474,0.6845586657524109,0.43289990425109864,0.5432950377464294,0.7578324317932129,0.6795447945594788,0.4446302652359009,0.5441128492355347,0.7339927077293396,0.699779498577118,0.6696714639663697,0.7002851366996765,0.7113918900489807,0.7788108468055726,0.7038695454597473,0.7867103338241577,0.6697038650512696,0.8291244506835938,0.721401059627533,0.8816301703453064,0.6495901703834533,0.8326182961463928,0.7108807563781738,0.8946704030036926,0.682658314704895,0.8601466417312622,0.7614204406738281,0.9214431166648864,90.0
152.748,176.698,33.712,112.874,156.78,168.95999999999998,178.812,170.914,0.7610550165176392,0.5983705520629883,0.6422418713569641,0.5770572185516357,0.7781540632247925,0.6486096143722534,0.5504176497459412,0.5603277564048768,0.7744958162307739,0.6729665517807006,0.45831393599510195,0.5488617897033692,0.7689402341842652,0.6877468228340149,0.43189831376075744,0.5496493935585022,0.759482491016388,0.6843326449394226,0.42881882190704346,0.5474234223365784,0.7581420183181763,0.6793416500091553,0.44077990055084226,0.5481621980667114,0.7339714646339417,0.699787712097168,0.6695455312728882,0.7002740502357483,0.7111191987991333,0.7787552952766419,0.7037362694740296,0.7867146849632263,0.6697433590888977,0.829196298122406,0.7214074492454529,0.8817097902297973,0.6496607542037964,0.832657539844513,0.7108947157859802,0.8948039531707763,0.682529091835022,0.8599947452545166,0.7616556406021118,0.921576178073883,91.0
149.73200000000003,177.35399999999998,35.506,110.854,157.414,168.976,178.57600000000002,171.13799999999998,0.7606209516525269,0.5981582880020142,0.6415870547294616,0.5772126078605652,0.7795352339744568,0.6482321500778199,0.5481151342391968,0.5639232397079468,0.77539541721344,0.6726381659507752,0.455623060464859,0.5532602071762085,0.7698590278625488,0.6872804284095764,0.42861262559890745,0.55436692237854,0.7605143427848816,0.6839370012283326,0.42560126185417174,0.5521287679672241,0.7590867757797242,0.6790158987045288,0.4380512237548828,0.5526737928390503,0.7336924076080322,0.6997719407081604,0.6693736910820007,0.7002381682395935,0.7107523322105408,0.7783941864967346,0.7035687327384949,0.7866436958312988,0.6697852492332459,0.8292528510093689,0.7212852478027344,0.8816461801528931,0.6496889233589173,0.8327712535858154,0.7108070015907287,0.8946985244750977,0.6824221014976501,0.8598260998725891,0.7618627667427063,0.921464490890503,92.0
149.044,177.75799999999998,37.092,109.194,158.066,169.01399999999998,178.33200000000002,171.352,0.7599050521850585,0.5979486465454101,0.6409727215766907,0.5773804545402527,0.7805259346961975,0.6477778196334839,0.5464284181594848,0.56709725856781,0.7768589377403259,0.6720565557479858,0.4539811074733734,0.5569704651832581,0.7714099764823914,0.6865996837615966,0.4264192759990692,0.5582410097122192,0.7621657252311707,0.6832833528518677,0.42358967661857605,0.5559744477272034,0.7605318784713745,0.6784703850746154,0.43626657128334045,0.5563886523246765,0.7333379983901978,0.6996870756149292,0.6692108869552612,0.7001911878585816,0.7104528427124024,0.777937114238739,0.7033824801445008,0.7864992260932923,0.670037043094635,0.8292356014251709,0.7211884379386901,0.8815508604049682,0.6499043345451355,0.8327917218208313,0.710646140575409,0.8945878505706787,0.6823444128036499,0.8596579194068908,0.7619262337684631,0.9213365316390991,93.0
148.734,177.93800000000002,38.488,107.07000000000001,159.148,169.026,177.854,171.488,0.7591253638267517,0.5977594971656799,0.6404101133346558,0.5776088237762451,0.7812711358070373,0.6473350405693055,0.5448921680450439,0.5710628509521485,0.7781646370887756,0.6714826703071595,0.4523331880569458,0.562216866016388,0.772839879989624,0.685924232006073,0.4235900819301605,0.5635121107101441,0.7637369513511658,0.6826250910758972,0.4210253059864044,0.5611960053443908,0.7619250416755676,0.6778985142707825,0.4341894328594208,0.5615658283233642,0.7329062223434448,0.6996213078498841,0.6689870834350586,0.7001559138298035,0.7097229361534119,0.777486515045166,0.7031694531440735,0.7863150477409363,0.6700653195381164,0.8292864561080933,0.7210838675498963,0.8814580559730529,0.6498218774795532,0.8329854369163513,0.7104430198669434,0.8944800853729248,0.6822651982307434,0.8595473170280457,0.7619410157203674,0.9212316870689392,94.0
148.38400000000001,177.32999999999998,39.906,105.314,159.978,168.858,177.494,171.42000000000002,0.7581878662109375,0.5976069688796997,0.6398724794387818,0.5779982447624207,0.7819057106971741,0.6468782424926758,0.5438216090202331,0.5745145797729492,0.7793626546859741,0.6709849119186402,0.45098991990089415,0.5668151378631592,0.7740653038024903,0.6853960037231446,0.4216240167617798,0.5680717587471008,0.7650843620300293,0.6821257829666137,0.4192568242549896,0.565641713142395,0.7631170392036438,0.6774340391159057,0.43263755440711976,0.5662460327148438,0.732358968257904,0.699544894695282,0.6685895919799805,0.7000972747802734,0.7090064764022828,0.7772626399993896,0.7029974222183227,0.786055862903595,0.6701059818267823,0.8293508410453796,0.7209457039833069,0.8812929868698121,0.6498124480247498,0.8331501007080078,0.7101746678352356,0.8941302418708801,0.6822078227996826,0.8594456195831299,0.7619336247444153,0.9210930109024048,95.0
148.206,176.446,41.376,103.55199999999999,160.574,168.70999999999998,177.25799999999998,171.296,0.7571066617965698,0.5975279808044434,0.6394805073738098,0.5784960508346557,0.78237544298172,0.6463142991065979,0.5434727430343628,0.5780486226081848,0.7804902195930481,0.67042076587677,0.45020350217819216,0.5718259215354919,0.7752310395240783,0.6847793698310852,0.4205706059932709,0.5730168104171753,0.7663572311401368,0.6816040635108948,0.4185401737689972,0.5704349517822266,0.764221465587616,0.6769327640533447,0.4319943904876709,0.5712121248245239,0.7317075610160828,0.6993077516555786,0.6681496024131774,0.6998818993568421,0.7083620309829712,0.7768614172935486,0.7027764320373535,0.7856190919876098,0.6700586318969727,0.8292290806770325,0.7208048701286316,0.8810152649879456,0.6497701048851013,0.8330607891082764,0.7099306344985962,0.8937170028686523,0.682014274597168,0.8594136953353881,0.7618717908859253,0.9209098100662232,96.0
146.93800000000002,175.972,42.342,102.186,160.88400000000001,168.648,177.04,171.18800000000002,0.7562245965003968,0.5974737882614136,0.6390801668167114,0.5791414141654968,0.7826502799987793,0.6460367441177368,0.5430654048919678,0.581078290939331,0.7807426452636719,0.6700225830078125,0.4498517155647278,0.5764209628105164,0.7751205444335938,0.684450113773346,0.420170396566391,0.5774166107177734,0.7664749622344971,0.6811553001403808,0.41825494170188904,0.5745318293571472,0.7643535971641541,0.6762712717056274,0.43159050345420835,0.5754878997802735,0.7312766909599304,0.6990112423896789,0.6676656365394592,0.6996056199073791,0.7078601121902466,0.7767513513565063,0.702524971961975,0.7851893424987793,0.6700144052505493,0.8290679693222046,0.7207989811897277,0.8809007287025452,0.6497409105300903,0.8327590584754944,0.7098479032516479,0.8935603737831116,0.6817797541618347,0.8592266321182251,0.7618462681770325,0.9209311366081238,97.0
143.014,175.598,43.397999999999996,100.78800000000001,161.092,168.71599999999998,177.044,171.132,0.7555373668670654,0.5974247455596924,0.6386606931686402,0.5798786759376526,0.7830836534500122,0.6457784056663514,0.5427409052848816,0.5842579483985901,0.77999929189682,0.6697336912155152,0.4493980765342712,0.5813423037528992,0.7739339470863342,0.6840508341789245,0.4200663328170776,0.5820555686950684,0.7654895424842835,0.6806977272033692,0.41796271204948426,0.5790176153182983,0.7635740041732788,0.675464677810669,0.43109660148620604,0.580079996585846,0.7307991981506348,0.6985843300819397,0.6670884847640991,0.6992069840431213,0.7074118614196777,0.7765660643577575,0.7021444320678711,0.7848116397857666,0.6699587583541871,0.8288732886314392,0.7208005785942078,0.8809014558792114,0.649718701839447,0.8324633479118347,0.7099188208580017,0.893559992313385,0.6815220236778259,0.8589471220970154,0.7619081616401673,0.9209589719772339,98.0
138.702,175.334,44.524,99.80799999999999,160.64600000000002,168.808,177.386,171.138,0.7548385620117187,0.5973849296569824,0.6382456660270691,0.5806122660636902,0.7835535526275634,0.6454812407493591,0.5425694465637207,0.5867646932601929,0.7792799711227417,0.6689241528511047,0.44927006363868716,0.5851455926895142,0.7728103041648865,0.6832429647445679,0.4206167757511139,0.585849666595459,0.764549720287323,0.6795938849449158,0.41816537380218505,0.5828638315200806,0.7627960920333863,0.674208402633667,0.43096145391464236,0.5838342785835267,0.7303086400032044,0.6980549573898316,0.6665567874908447,0.6987018465995789,0.7073949575424194,0.7763856053352356,0.7017679572105407,0.7843515396118164,0.66988126039505,0.8286635160446167,0.7208040475845336,0.8808675050735474,0.6497189164161682,0.8321045160293579,0.7099802494049072,0.8935195207595825,0.6811907052993774,0.8587176680564881,0.7619887590408325,0.9209656476974487,99.0
133.95999999999998,174.92000000000002,45.644,98.86,160.11200000000002,168.97600000000003,177.73200000000003,171.266,0.754208254814148,0.5973715782165527,0.6377201080322266,0.581272292137146,0.7841146230697632,0.6452274560928345,0.542318320274353,0.5892477393150329,0.7784351825714111,0.6681413650512695,0.44925096035003664,0.5887570023536682,0.7714677929878235,0.682448935508728,0.4210812747478485,0.5898332953453064,0.7633718371391296,0.6785678386688232,0.4182912170886993,0.586666750907898,0.7618070602416992,0.6730862855911255,0.43081349730491636,0.5873849630355835,0.7298623561859131,0.6975614786148071,0.6660999059677124,0.6982331156730652,0.707412600517273,0.7762515187263489,0.7014163255691528,0.7840175986289978,0.6697122097015381,0.8284955024719238,0.720864200592041,0.8808725237846374,0.6495320320129394,0.8317630052566528,0.7100610375404358,0.8936147570610047,0.6807929873466492,0.8586020708084107,0.762066638469696,0.9209872603416442,100.0
127.46000000000001,174.31799999999998,46.844,97.94800000000001,159.506,169.06400000000002,178.22799999999998,171.318,0.7537611603736878,0.5973591804504395,0.6371328234672546,0.5819090366363525,0.7849039196968078,0.6450612306594848,0.5420043230056762,0.5916054368019104,0.7769391298294067,0.6674325823783874,0.449202162027359,0.5918377876281739,0.7693786859512329,0.6816065907478333,0.4214178562164307,0.5930928587913513,0.7615410566329956,0.6773969531059265,0.41815786957740786,0.5898999810218811,0.7603343963623047,0.6719628572463989,0.4304246366024017,0.5904007434844971,0.7293646812438965,0.6972114682197571,0.6655666828155518,0.697896409034729,0.707441246509552,0.776263415813446,0.7010686993598938,0.7837857007980347,0.669601571559906,0.8283487677574157,0.7208772897720337,0.8809470176696778,0.6493955850601196,0.831440532207489,0.7101409316062928,0.8937601804733276,0.6804611802101135,0.8584517478942871,0.7621674418449402,0.921042513847351,101.0
120.654,173.904,48.294,97.02799999999999,158.89,169.19,178.73600000000002,171.278,0.7533120274543762,0.5973376154899597,0.6365078568458558,0.5824475288391113,0.7858894228935241,0.6448777556419373,0.5418012976646424,0.5937504768371582,0.7754224300384521,0.6668722271919251,0.44933612942695617,0.5949076175689697,0.7674389362335206,0.680804705619812,0.42177178263664244,0.5965232491493225,0.7597490668296814,0.676385760307312,0.4181059420108795,0.5932329893112183,0.7589403867721558,0.671212351322174,0.43017600774765014,0.593594741821289,0.7286658763885498,0.6968794465065002,0.6648682951927185,0.6975265145301819,0.7073626518249512,0.7762620925903321,0.7005979299545289,0.7835054636001587,0.669464898109436,0.8281689286231995,0.7208836913108826,0.8809735298156738,0.6492721676826477,0.8311168909072876,0.7103471279144287,0.8937237739562989,0.6799448370933533,0.8584717988967896,0.7620619297027588,0.9211028575897217,102.0
115.476,173.196,49.827999999999996,95.94800000000001,158.264,169.36,178.78400000000002,171.174,0.7528483986854553,0.5973159074783325,0.6358688473701477,0.5829040884971619,0.7868602752685547,0.6447070240974426,0.5418377161026001,0.5959806323051453,0.7745839357376099,0.6664382100105286,0.44972941279411316,0.5977765679359436,0.7663932800292969,0.6803030371665955,0.4221638321876526,0.5997949957847595,0.7586935877799987,0.6756757974624634,0.4183608710765839,0.5965147376060486,0.7580413460731507,0.6708495140075683,0.4303459644317627,0.5967454552650452,0.7277390956878662,0.6965794682502746,0.6640772938728332,0.6971001982688904,0.7071712255477905,0.7762508273124695,0.6999931693077087,0.7829594135284423,0.6692288279533386,0.8280682444572449,0.7209193229675293,0.8808674216270447,0.6491098284721375,0.8307941675186157,0.7107510089874267,0.8935055017471314,0.6790696382522583,0.858787202835083,0.7617923021316528,0.9211620688438416,103.0
111.582,172.462,51.282,94.83000000000001,157.74200000000002,169.642,178.764,171.048,0.7523591876029968,0.5972990155220032,0.6352922677993774,0.5834328413009644,0.7877217888832092,0.6444735646247863,0.5421283721923829,0.5981988072395324,0.7741954445838928,0.6662557244300842,0.45026431083679197,0.6005634427070617,0.7663339972496033,0.6800289034843445,0.42286803722381594,0.6027572274208068,0.7585608482360839,0.6755763769149781,0.4190442979335785,0.599331283569336,0.7576969027519226,0.6708980917930603,0.4308840334415436,0.5996412515640259,0.7268242955207824,0.6964311838150025,0.6632396101951599,0.6967873096466064,0.706853199005127,0.7762944340705872,0.6992884278297424,0.7825449705123901,0.6687844753265381,0.8281194686889648,0.7209969758987427,0.8808694243431091,0.6487454414367676,0.8306985974311829,0.7113128542900086,0.8934420824050904,0.6783784985542297,0.8593212008476258,0.7615078568458558,0.9212074756622315,104.0
107.69200000000001,172.192,52.99400000000001,93.738,157.202,170.05599999999998,178.43599999999998,170.81400000000002,0.7516756892204285,0.5972359776496887,0.6347839713096619,0.5838728189468384,0.7886459946632385,0.6440948724746705,0.5429242134094239,0.599932861328125,0.7740586519241333,0.6656337141990661,0.45193950533866883,0.6032986760139465,0.766703474521637,0.6793686151504517,0.4247408747673035,0.6056174635887146,0.7588271260261535,0.6749774813652039,0.42109466195106504,0.6022372007369995,0.7576650381088257,0.6704232335090637,0.4329156935214996,0.6025110244750976,0.7256253838539124,0.696188461780548,0.6621797919273377,0.6963802695274353,0.7064879894256592,0.7763102054595947,0.6983197212219239,0.7820697665214539,0.6684903979301453,0.8281685829162597,0.7210012793540954,0.8808327436447143,0.6486153960227966,0.8306568145751954,0.7118451833724976,0.8933206915855407,0.6779879331588745,0.8597328066825867,0.7612003922462464,0.9212212681770324,105.0
105.208,172.14600000000002,54.410000000000004,92.678,156.982,170.698,178.03199999999998,170.69400000000002,0.7510098695755005,0.5971738576889039,0.6343602776527405,0.5842656493186951,0.7892989993095398,0.6437690854072571,0.5438820004463196,0.6014678120613098,0.774077045917511,0.6651368737220764,0.45355448722839353,0.6060773730278015,0.7668609023094177,0.6789432764053345,0.4265312314033508,0.6088735342025757,0.7587665915489197,0.6746205568313599,0.4231196641921997,0.6055494546890259,0.7575314760208129,0.6700507402420044,0.434996223449707,0.6056150436401367,0.7245017886161804,0.6959593534469605,0.6611316919326782,0.6959901571273803,0.7058782815933228,0.7762827038764953,0.6970889091491699,0.7816141963005065,0.6682467937469483,0.8279404520988465,0.7208697319030761,0.8807974576950073,0.648563289642334,0.8303064823150634,0.7123549699783325,0.8931864619255065,0.6776277303695679,0.8596759557723999,0.7608443140983582,0.9211868405342102,106.0
102.96599999999998,172.01600000000002,55.715999999999994,91.45,157.14000000000001,171.356,177.534,170.60999999999999,0.7503097653388977,0.5970418214797973,0.6340664267539978,0.5845219135284424,0.7898041129112243,0.6433064699172973,0.5454641342163086,0.6028987169265747,0.7742374777793884,0.6642290115356445,0.4557855725288391,0.608777379989624,0.7671389818191529,0.6781044483184815,0.42891026139259336,0.6121469259262085,0.7587393760681153,0.6738818407058715,0.42592698335647583,0.6091448426246643,0.7574891567230224,0.6692430019378662,0.43797256946563723,0.6089384198188782,0.7233927488327027,0.6957556366920471,0.660166347026825,0.6957234740257263,0.7051482915878295,0.776147210597992,0.695771849155426,0.7812668800354003,0.6680529832839965,0.8278586983680725,0.7204900503158569,0.8807283997535705,0.6486318945884705,0.8301059603691101,0.7125606894493103,0.8930335283279419,0.6774808287620544,0.8596274852752686,0.7606943488121033,0.9211306691169738,107.0
100.34,172.092,56.85600000000001,90.368,158.084,172.122,177.476,170.584,0.7497253656387329,0.596946632862091,0.6338744997978211,0.5847340822219849,0.7902607560157776,0.6428612112998963,0.5470221400260925,0.6039796471595764,0.7740397572517395,0.6633389830589295,0.4578856647014618,0.6111554265022278,0.7669860601425171,0.6772792100906372,0.4312139332294464,0.6150367021560669,0.7583973169326782,0.6731605052947998,0.4286096036434174,0.6121859788894654,0.7573097705841064,0.668447756767273,0.44075233936309816,0.6117358446121216,0.7225007772445678,0.6955624461174011,0.6592340350151062,0.6954875111579895,0.7041579604148864,0.7756066441535949,0.6943983316421509,0.7811791658401489,0.6679340958595276,0.8276509046554565,0.7200309276580811,0.8807648897171021,0.6487217307090759,0.8298566102981567,0.7125750541687011,0.8929153084754944,0.6773780703544616,0.8590108990669251,0.760512912273407,0.9210740685462951,108.0
95.686,172.208,58.21,89.166,159.466,172.882,177.382,170.612,0.7490582227706909,0.5968138098716735,0.633679723739624,0.584810996055603,0.7908791780471802,0.6423683404922486,0.5483088612556457,0.6050172209739685,0.7728615283966065,0.662378990650177,0.46015027165412903,0.6135632514953613,0.7649283170700073,0.6761271357536316,0.43353232741355896,0.6184052944183349,0.7564354538917542,0.6718061804771424,0.43135040402412417,0.6158988833427429,0.7560662388801574,0.6670663952827454,0.44360944628715515,0.6149289965629577,0.7214494109153747,0.6952687501907349,0.6581627130508423,0.6952208638191223,0.7029442191123962,0.7751399636268616,0.6926677346229553,0.7811026453971863,0.6680320143699646,0.8277169585227966,0.7189157009124756,0.8806623339653015,0.6490171551704407,0.8303521871566772,0.7119318604469299,0.8925616979598999,0.6776277303695679,0.8583758234977722,0.7598683357238769,0.9208151698112488,109.0
91.526,172.148,59.041999999999994,88.1,161.128,174.09,177.6,171.076,0.7486183524131775,0.596699333190918,0.6335344672203064,0.584881591796875,0.7912147521972657,0.6420389413833618,0.5493398189544678,0.6059036254882812,0.7708735227584839,0.6619377136230469,0.4615201592445374,0.6154057502746582,0.7618590831756592,0.6753970623016358,0.43508143424987794,0.6209077835083008,0.7536713123321533,0.6709845662117004,0.43307950496673586,0.6187682747840881,0.7542205810546875,0.6661624312400818,0.44523921608924866,0.6175326228141784,0.7207183122634888,0.6950283646583557,0.6572226405143737,0.6949921011924743,0.7016839385032654,0.774677062034607,0.690387773513794,0.7810985684394837,0.6680237650871277,0.8279378533363342,0.7172976493835449,0.8804928183555603,0.6492256999015809,0.8309934854507446,0.7110015749931335,0.8920991778373718,0.6772028803825378,0.8577278017997741,0.7586300730705261,0.9202172160148621,110.0
87.796,172.202,60.062,86.886,162.69,175.14600000000002,177.73600000000002,171.406,0.7478331208229065,0.5965091228485108,0.6332976818084717,0.5849091053009033,0.7916892051696778,0.641612708568573,0.5504468321800232,0.6068312883377075,0.7692954063415527,0.6614554166793823,0.4634284138679504,0.6175471782684326,0.7597853183746338,0.674646508693695,0.4373797416687012,0.6237103462219238,0.751855480670929,0.6701738953590393,0.4353211998939514,0.6218662619590759,0.7528523206710815,0.6652949810028076,0.4473395049571991,0.6204224824905396,0.7198603510856628,0.6947840690612793,0.6560933351516723,0.694759476184845,0.7005628943443298,0.7744000434875489,0.6880936026573181,0.7811909079551697,0.6679780602455139,0.8288206696510315,0.7154797196388245,0.8802287697792053,0.6493412137031556,0.832607901096344,0.7098971724510192,0.8914897203445434,0.6767202854156494,0.8578809499740601,0.7572811603546142,0.9195963025093079,111.0
83.9,172.33800000000002,60.992,85.814,164.376,176.23200000000003,178.044,171.822,0.7467368960380554,0.5963000059127808,0.6329589486122131,0.5849363803863525,0.7921164274215698,0.6412557005882263,0.550995409488678,0.6076093077659607,0.7678304672241211,0.6607781767845153,0.4647688329219818,0.6194180965423584,0.7580772399902344,0.6737186789512635,0.4390303432941437,0.6261986255645752,0.750376307964325,0.6691137075424194,0.4367419004440308,0.6246093392372132,0.7515991926193237,0.6643034100532532,0.44849408268928526,0.6229141592979431,0.7189812898635864,0.6946019411087037,0.6548547863960266,0.6945431351661682,0.6993409872055054,0.7744835376739502,0.6855443358421326,0.7813204646110534,0.6678873419761657,0.8302658677101136,0.7132552981376648,0.8798989892005921,0.6493279933929443,0.8347021698951721,0.7085191488265992,0.8908571362495422,0.676568865776062,0.858614981174469,0.7554130792617798,0.9186420798301697,112.0
79.798,172.446,61.908,84.524,165.298,176.902,178.18,172.01799999999997,0.7453659296035766,0.5960227370262146,0.6325122237205505,0.584955894947052,0.7924802541732788,0.6408950209617614,0.5516830205917358,0.6085574269294739,0.766327154636383,0.6599248647689819,0.46631566286087034,0.621665358543396,0.7563707947731018,0.6725692391395569,0.44090805649757386,0.629191267490387,0.7489061117172241,0.6678778409957886,0.4384342789649963,0.6278370022773743,0.7502628564834595,0.6632067561149597,0.4499128103256226,0.6259288787841797,0.7179349541664124,0.6945465326309204,0.6534430980682373,0.6944350123405456,0.6982521891593934,0.7750396013259888,0.6830755710601807,0.7814493179321289,0.6675586342811585,0.8317358136177063,0.7105713009834289,0.8792349100112915,0.6491505622863769,0.8368442416191101,0.7067058563232422,0.8898821711540222,0.6767675757408143,0.8596455693244934,0.7531894445419312,0.9173426628112793,113.0
76.232,172.588,62.584,83.316,165.954,177.3,178.282,172.21599999999998,0.744058346748352,0.5957699894905091,0.6320430278778076,0.5849419951438903,0.7927234053611756,0.6407068967819214,0.5527629137039185,0.6093049049377441,0.7648552775382995,0.6591013073921204,0.46813520789146423,0.6237361550331115,0.754861581325531,0.6714570999145508,0.4431738078594208,0.6318099856376648,0.7475870728492737,0.666791558265686,0.4405622839927673,0.6306322932243347,0.7489433765411377,0.6623052477836608,0.4517450749874115,0.6286387920379639,0.7169499516487121,0.6945534348487854,0.6521642208099365,0.694327712059021,0.6973146557807922,0.775538980960846,0.6808468699455261,0.7815348386764527,0.6671315193176269,0.8331204652786255,0.7077744960784912,0.8785334348678588,0.6489062786102295,0.8383716344833374,0.7046369552612305,0.8888789772987366,0.6764666318893433,0.8609354972839356,0.750537121295929,0.916061520576477,114.0
72.826,172.748,63.294000000000004,82.064,166.41,177.488,178.28400000000002,172.326,0.7426846265792847,0.5954705953598023,0.631535005569458,0.5848555088043212,0.7929793000221252,0.6405076265335083,0.5539615631103516,0.6100046038627625,0.7638450264930725,0.6579256892204285,0.4701162576675415,0.6258996844291687,0.7539645791053772,0.6700382947921752,0.4456296682357788,0.6344371914863587,0.7466872096061706,0.6653606653213501,0.4428564429283142,0.633432149887085,0.7478360891342163,0.6611130952835083,0.4537204921245575,0.6313279867172241,0.71583172082901,0.6945805668830871,0.6509377598762512,0.6942289352416993,0.6963391065597534,0.7761195302009583,0.6788877606391907,0.7816173911094666,0.6666810154914856,0.8342543125152588,0.705087411403656,0.8778324365615845,0.6485939979553222,0.8395925760269165,0.7025142908096313,0.887898325920105,0.6765225887298584,0.8619264125823974,0.7483665466308593,0.9150479197502136,115.0
69.45200000000001,172.62,63.724000000000004,80.848,166.788,177.782,178.352,172.618,0.7415563344955445,0.5951839208602905,0.631067943572998,0.584763503074646,0.7931066513061523,0.6403926372528076,0.555025291442871,0.6108309864997864,0.7626976370811462,0.6565814137458801,0.47172150015830994,0.6278863072395324,0.7527562022209168,0.6684057235717773,0.4475169539451599,0.6366621971130371,0.7455729722976685,0.66371830701828,0.4447846531867981,0.6357677817344666,0.7466386795043946,0.6596990942955017,0.45536898374557494,0.6336215734481812,0.7149333119392395,0.6946526527404785,0.6499668717384338,0.6941258907318115,0.6954997062683106,0.7766215443611145,0.6770306348800659,0.7816033363342285,0.6662315011024476,0.8351998567581177,0.702583396434784,0.8771301150321961,0.6483129620552063,0.8402536273002624,0.7004209876060485,0.8869728446006775,0.6766558408737182,0.8627972483634949,0.7458192467689514,0.9139241456985474,116.0
66.50800000000001,172.40400000000002,63.984,79.624,166.74,178.058,178.31599999999997,173.09,0.7407641768455505,0.5949210286140442,0.6305989980697632,0.5846850156784058,0.7930920124053955,0.6402663588523865,0.5561704039573669,0.6117859125137329,0.7610880851745605,0.6554736375808716,0.47375919222831725,0.6299472332000733,0.7510870933532715,0.6671350240707398,0.44988633394241334,0.6387362718582154,0.7440551042556762,0.6625621318817139,0.4469748675823212,0.637996780872345,0.745031225681305,0.6586028575897217,0.45740062594413755,0.6359105110168457,0.7142138361930848,0.6947131633758545,0.6492111444473266,0.6940050601959229,0.694921612739563,0.776865017414093,0.6752630472183228,0.781501853466034,0.6657134056091308,0.8355133533477783,0.6999859690666199,0.8761704683303833,0.6480335354804992,0.8404434800148011,0.6981687903404236,0.8859097957611084,0.6758017063140869,0.8626649022102356,0.7423890471458435,0.9127140522003174,117.0
63.88199999999999,172.196,64.046,78.636,166.72199999999998,178.26,178.35399999999998,173.684,0.7401893019676209,0.5946152448654175,0.6301395177841187,0.5846177697181701,0.7930791974067688,0.640153455734253,0.5571837067604065,0.6125359892845154,0.7596105813980103,0.654401445388794,0.47550763487815856,0.6316077470779419,0.7495651602745056,0.6659896612167359,0.4519196331501007,0.640399432182312,0.7425730466842652,0.6614630579948425,0.4488820195198059,0.6397761106491089,0.7434343218803405,0.6574651837348938,0.4591552555561066,0.6377357721328736,0.7137577414512635,0.6948323845863342,0.6486117243766785,0.6938839077949523,0.6945634245872497,0.7771145343780518,0.6735443472862244,0.7812915802001953,0.6653859496116639,0.8358726978302002,0.6972462296485901,0.8750743389129638,0.647918701171875,0.8405973672866821,0.6957888245582581,0.8848410248756409,0.6746327400207519,0.862568199634552,0.7388337254524231,0.9115545988082886,118.0
61.592,171.71800000000002,63.858000000000004,77.43999999999998,166.73000000000002,178.616,178.566,174.46599999999998,0.7396703839302063,0.5943021297454834,0.6296352744102478,0.5845935940742493,0.7928514242172241,0.6400715112686157,0.5583065271377563,0.6135948061943054,0.7579022169113159,0.6533246517181397,0.4775402367115021,0.6335132718086243,0.7481066346168518,0.6648322343826294,0.4539824306964874,0.642117691040039,0.7409833908081055,0.6605273723602295,0.4504827558994293,0.6414639472961425,0.7417083621025086,0.6564821839332581,0.4607979476451874,0.6395521044731141,0.7135026931762696,0.6949628829956055,0.6480902791023254,0.6937958002090454,0.6942837715148926,0.7772874593734741,0.6716956377029419,0.7810614705085754,0.6651844501495361,0.8358792781829834,0.6944769024848938,0.8740573644638061,0.648219621181488,0.8404042005538941,0.6932510733604431,0.8838294982910156,0.6731184720993042,0.8619948387145996,0.7351598143577576,0.9105699300765991,119.0
59.584,171.12,63.496,76.31800000000001,166.786,178.69,178.88,175.17000000000002,0.7393344640731812,0.5940412402153015,0.6291377425193787,0.5846331596374512,0.7924611210823059,0.6400378823280335,0.5591699004173278,0.6147498965263367,0.7551601529121399,0.6524925589561462,0.47926849126815796,0.6353129386901856,0.7458848476409912,0.6638354539871216,0.4555150270462036,0.6440406799316406,0.7389360427856445,0.6597546935081482,0.45169138312339785,0.6434421896934509,0.7396797776222229,0.6557577252388,0.46218698620796206,0.641595184803009,0.7134185314178467,0.6951161623001099,0.6476779222488404,0.6937574148178101,0.694030487537384,0.7773766636848449,0.6701690435409546,0.780833899974823,0.6649940490722657,0.8356774330139161,0.6917928695678711,0.8731486797332764,0.6486249446868897,0.8396196842193604,0.6908079147338867,0.8829737424850463,0.6713985085487366,0.860986304283142,0.7308542013168335,0.9093781232833862,120.0
57.660000000000004,170.532,63.013999999999996,75.032,167.02400000000003,178.194,179.182,175.836,0.7390224814414978,0.5937578320503235,0.6286303639411926,0.5846983790397644,0.7918615698814392,0.6400106310844421,0.5604795217514038,0.6158891081809997,0.7525592684745789,0.651441502571106,0.4819174110889435,0.6371756434440613,0.7438242673873902,0.662906551361084,0.45775405168533323,0.6459594964981079,0.7368199586868286,0.6590655326843262,0.4537326216697693,0.6454253792762756,0.7374082326889038,0.6550642013549804,0.4642464995384216,0.6436646461486817,0.7133161187171936,0.6952623009681702,0.6472334384918212,0.6937796115875244,0.6937009692192078,0.7773507595062256,0.6686342597007752,0.7805853843688965,0.6648178458213806,0.8354992151260376,0.6881911277770996,0.8721175074577332,0.6493455290794372,0.8390678644180298,0.6872827291488648,0.882066285610199,0.6695912599563598,0.860280704498291,0.7250917911529541,0.9083489537239074,121.0
56.302,169.808,62.504,73.856,167.754,177.596,179.23000000000002,176.378,0.7386553049087524,0.5935405492782593,0.6281544685363769,0.5847994685173035,0.7912450432777405,0.6400654792785645,0.5618009924888611,0.6168596267700195,0.7504098653793335,0.6507105827331543,0.4842391312122345,0.6385634660720825,0.7419080018997193,0.6621732831001281,0.4597462236881256,0.6473304986953735,0.734760844707489,0.6584704279899597,0.4557854175567627,0.6467127084732056,0.7353086709976197,0.6545259475708007,0.4661677122116089,0.6450351238250732,0.713247811794281,0.6954082012176513,0.6467918992042542,0.6938143491744995,0.6931385040283203,0.777374017238617,0.6673007845878601,0.780369508266449,0.664732563495636,0.8355326294898987,0.6848978042602539,0.8714028835296631,0.6503692507743836,0.8391249537467956,0.6838821053504944,0.8815253734588623,0.6684219598770141,0.8604105591773987,0.7202283263206481,0.9076138973236084,122.0
54.498000000000005,168.776,61.84400000000001,72.322,168.96,177.032,178.986,176.942,0.7379971742630005,0.5932433605194092,0.6276154398918152,0.5849284052848815,0.7902679324150086,0.6400228261947631,0.5634575366973877,0.6181708216667176,0.7471700310707092,0.6496201038360596,0.4871350646018982,0.6403497457504272,0.739041531085968,0.6611694693565369,0.46227598190307617,0.6490677714347839,0.7313053250312805,0.6576149582862854,0.45830401182174685,0.6482146382331848,0.7318620443344116,0.6537145376205444,0.46854246258735655,0.6465959906578064,0.7131288528442383,0.6954835653305054,0.6463624954223632,0.6938837170600891,0.6923175930976868,0.7774157166481018,0.6660210371017456,0.7802382588386536,0.6647300362586975,0.835811448097229,0.6818383693695068,0.8711305499076843,0.6516426563262939,0.8394983530044555,0.6807516098022461,0.8812535166740417,0.667461895942688,0.8611591696739197,0.7140055179595948,0.907129168510437,123.0
53.43000000000001,167.85,61.21,70.95400000000001,170.112,176.514,178.544,177.38000000000002,0.7372549891471862,0.5928403258323669,0.6270471334457397,0.5850470542907715,0.7892738819122315,0.6399107933044433,0.5647987246513366,0.6192886829376221,0.7442191362380981,0.6488595485687256,0.48940075039863584,0.6419210433959961,0.7363106489181519,0.6606603503227234,0.46418929696083067,0.6505643725395203,0.7279810667037964,0.6571595788002014,0.46048330068588256,0.6494059085845947,0.7285446643829345,0.6532263636589051,0.4705121457576752,0.6478233814239502,0.7128871560096741,0.6955269932746887,0.6459026098251343,0.6939303636550903,0.6915032267570496,0.7774038195610047,0.6649293780326844,0.7801228523254394,0.664740800857544,0.8360870361328125,0.6792573809623719,0.8708660960197449,0.6530600309371948,0.8399365544319153,0.6783050417900085,0.8810740351676941,0.666959822177887,0.8619451284408569,0.7082124829292298,0.9067084908485412,124.0
52.486000000000004,166.81199999999998,60.522000000000006,69.32,171.35,175.45999999999998,178.04199999999997,177.792,0.7360952734947205,0.5922024250030518,0.6264861464500427,0.5851241946220398,0.788044559955597,0.6396291017532348,0.5663847208023072,0.620449447631836,0.7413670182228088,0.6478524923324585,0.49191826581954956,0.6436567544937134,0.7332064151763916,0.6599859952926636,0.4664002299308777,0.6519638299942017,0.7240869522094726,0.6565712809562683,0.46284517645835876,0.6504158735275268,0.7246381640434265,0.6525156617164611,0.4726572871208191,0.648891270160675,0.7124640107154846,0.6952625155448914,0.6452809333801269,0.693716561794281,0.690658700466156,0.7773630380630493,0.6636471152305603,0.7799143314361572,0.6648692131042481,0.8366128921508789,0.6755570292472839,0.8704290509223938,0.654558801651001,0.8410814642906189,0.6750167608261108,0.8805700659751892,0.6674042344093323,0.8639433145523071,0.7007963180541992,0.9062418580055237,125.0
52.248000000000005,165.91799999999998,59.612,67.79400000000001,172.42,174.68,177.36399999999998,178.358,0.7344698429107666,0.5914381384849549,0.6259209275245666,0.5851482510566711,0.7860703468322754,0.6391199111938477,0.5678162217140198,0.6214205861091614,0.7379055380821228,0.6471216678619385,0.494390481710434,0.6451961159706116,0.7292706489562988,0.6593233466148376,0.4686980903148651,0.6531785011291504,0.7196742057800293,0.6560288667678833,0.4651084542274475,0.6512058258056641,0.7204522013664245,0.6519130110740662,0.4748771846294403,0.6497118592262268,0.7118317246437073,0.6947961449623108,0.6446719884872436,0.6933294296264648,0.689761221408844,0.7772397994995117,0.6621634006500244,0.779469120502472,0.6650363206863403,0.8367148160934448,0.671937894821167,0.8698375344276428,0.6557614207267761,0.8417471885681153,0.6722190260887146,0.8797179937362671,0.668251383304596,0.8654135704040528,0.6941317796707154,0.905660355091095,126.0
52.013999999999996,165.25,58.67999999999999,66.08999999999999,172.824,174.05599999999998,176.988,178.602,0.7326075553894043,0.5905486702919006,0.6253645300865174,0.5851059436798096,0.783794891834259,0.6384194374084473,0.5694182276725769,0.6223873615264892,0.7335532188415528,0.6463076114654541,0.497610992193222,0.6470294713973999,0.7242699265480042,0.6585252285003662,0.4719931066036224,0.654641592502594,0.7145043015480042,0.6553942084312439,0.46815149784088134,0.6524439215660095,0.7154924631118774,0.651245903968811,0.47790510058403013,0.6509592175483704,0.7110076069831848,0.6942315816879272,0.6440286636352539,0.6928450107574463,0.689168655872345,0.7770365834236145,0.6603504538536071,0.7787513613700867,0.6651788711547851,0.836529552936554,0.6679678082466125,0.8689553737640381,0.6564854860305787,0.8417996287345886,0.6689348816871643,0.8783632516860962,0.6694447994232178,0.866426682472229,0.6862293362617493,0.9050953030586243,127.0
52.50599999999999,164.82999999999998,57.838,64.568,172.654,173.648,177.028,178.75,0.7307618618011474,0.5895731091499329,0.6249535202980041,0.5850242733955383,0.7815106511116028,0.6376458048820496,0.5707961320877075,0.6231163024902344,0.7295144081115723,0.645936119556427,0.5003138303756713,0.6486966490745545,0.7190611600875855,0.658061408996582,0.4749512314796448,0.6561812877655029,0.7096657752990723,0.6550851583480835,0.47080802321434023,0.6539992094039917,0.7109806060791015,0.6509727954864502,0.4805074453353882,0.6524545311927795,0.7100160598754883,0.6934468507766723,0.6433405756950379,0.6921697854995728,0.6888479948043823,0.7767369508743286,0.6582093834877014,0.7778921008110047,0.6653897047042847,0.8359334826469421,0.6636947154998779,0.8676820039749146,0.6569864273071289,0.8413251876831055,0.6653610587120056,0.8764293909072876,0.6709502100944519,0.8668431997299194,0.6790845990180969,0.9042983412742615,128.0
52.99400000000001,164.142,56.902,62.814,172.51,173.24,177.05,178.34999999999997,0.7287340879440307,0.5885828256607055,0.6245505332946777,0.5848784685134888,0.7789387464523315,0.636784291267395,0.5726643443107605,0.6236730456352234,0.7254637956619263,0.645417308807373,0.5041085839271545,0.6499006628990174,0.7137862205505371,0.6574514031410217,0.47905617356300356,0.6574595451354981,0.7048933625221252,0.6545485734939576,0.4745452105998993,0.6553374052047729,0.7065168499946595,0.6505023121833802,0.4843735992908478,0.6536804556846618,0.7090236783027649,0.6924656391143799,0.6426834344863892,0.6913573145866394,0.6886228561401367,0.7762070894241333,0.6556792378425598,0.776873242855072,0.6657117009162903,0.8353180170059205,0.6586026549339294,0.8662901163101197,0.6570905566215515,0.8407938599586486,0.6613787889480591,0.8744972944259644,0.673114025592804,0.8672041058540344,0.6710938930511474,0.9031731009483337,129.0
53.854,163.592,55.90599999999999,61.262,172.442,173.96200000000002,177.07600000000002,177.42999999999998,0.7269595623016357,0.5875668287277221,0.62419673204422,0.5846885681152344,0.7764297962188721,0.6359766721725464,0.5743429303169251,0.6240161538124085,0.7221153020858765,0.6450506091117859,0.5075771570205688,0.650858747959137,0.7094822406768799,0.6570667743682861,0.482705819606781,0.6585144162178039,0.7008323550224305,0.6541579008102417,0.477854984998703,0.6564784169197082,0.7026229858398437,0.6502071261405945,0.48783656358718874,0.6547623634338379,0.7080787777900696,0.6915788531303406,0.6421245574951172,0.6906768321990967,0.6883354187011719,0.7756758689880371,0.652749502658844,0.7759231328964233,0.6659521698951721,0.8346872448921203,0.6543936729431152,0.8650294184684754,0.6569280862808228,0.8401052236557007,0.6577560782432557,0.8729337573051452,0.6744637370109559,0.8670826315879822,0.6648393750190735,0.9020398497581482,130.0
54.218,163.014,55.269999999999996,59.577999999999996,172.214,174.694,177.37,176.142,0.7256428956985473,0.5867376565933228,0.623934006690979,0.5844891428947449,0.7746172070503234,0.6353708982467652,0.5760904908180237,0.6242835402488709,0.7183322668075561,0.6446987986564636,0.510959804058075,0.6516875624656677,0.7049131274223328,0.6567602634429932,0.4864728689193726,0.6596119403839111,0.6961978316307068,0.6537347078323364,0.48130691051483154,0.6577102065086364,0.6981018543243408,0.6498653292655945,0.49161202907562257,0.6558850169181824,0.707148277759552,0.6908347964286804,0.6414161562919617,0.69001384973526,0.6881450891494751,0.7751236319541931,0.6496844530105591,0.7750384330749511,0.6661447644233703,0.8339912176132203,0.6500606298446655,0.8640047430992126,0.656710946559906,0.8393139839172363,0.6540406703948974,0.8716022491455078,0.6756881237030029,0.8668950796127319,0.6584903717041015,0.9007108807563782,131.0
54.754,162.226,54.504,57.720000000000006,172.404,175.616,177.596,174.92,0.7244702219963074,0.5860596418380737,0.623745059967041,0.584288728237152,0.7726714253425598,0.6349567294120788,0.5781015872955322,0.6244017481803894,0.7147696137428283,0.6444588661193847,0.5148349046707154,0.6520058155059815,0.7010930061340332,0.6565346002578736,0.4907824516296387,0.660231614112854,0.692025113105774,0.6533447146415711,0.48549874424934386,0.6583288788795472,0.6940225124359131,0.6495742797851562,0.49616795778274536,0.6564314126968384,0.7062757015228271,0.6900449633598328,0.6406207084655762,0.6893728971481323,0.6878342628479004,0.7744171380996704,0.6466381788253784,0.7743974566459656,0.6664414286613465,0.8334413409233093,0.6461063265800476,0.8632177591323853,0.6570286393165589,0.8386112332344056,0.6512112021446228,0.8706701517105102,0.6766679763793946,0.8667322397232056,0.6527533888816833,0.8992075204849244,132.0
55.164,161.294,53.870000000000005,55.786,172.584,176.596,177.952,173.53199999999998,0.7234549880027771,0.5856025695800782,0.623602831363678,0.5840425014495849,0.7708553671836853,0.6347254037857055,0.5802033305168152,0.6245002269744873,0.7113807082176209,0.6442644953727722,0.5184850692749023,0.6523723483085633,0.6973778486251831,0.6562645077705384,0.4948976576328278,0.6609676241874695,0.687820041179657,0.6528067111968994,0.4894987165927887,0.6589577317237854,0.6899720907211304,0.6491687536239624,0.5004912197589875,0.6569242835044861,0.7053430676460266,0.6893664836883545,0.6398780107498169,0.6886812210083008,0.6874913215637207,0.773712980747223,0.6433992147445678,0.7738343000411987,0.6666347742080688,0.8330582857131958,0.6417906641960144,0.8627561330795288,0.6572763204574585,0.838160228729248,0.6478907704353333,0.8703468322753907,0.6774110555648803,0.8665769577026368,0.6471559762954712,0.8978575468063354,133.0
55.50599999999999,160.63,53.476,54.029999999999994,172.71200000000002,177.63799999999998,178.44,172.41199999999998,0.7226778268814087,0.5851711869239807,0.6235754013061523,0.5838509917259216,0.7694151520729064,0.6346199989318848,0.5817745447158813,0.6247233510017395,0.7081112861633301,0.6441865921020508,0.521351671218872,0.6528963446617126,0.6936839938163757,0.656083858013153,0.49823594093322754,0.6617923140525818,0.6836962580680848,0.6523778438568115,0.4928645551204681,0.65984628200531,0.6861305594444275,0.6488466262817383,0.5038679718971253,0.6576721906661988,0.7042397022247314,0.6887272238731384,0.639019000530243,0.6878809928894043,0.6870285391807556,0.7730936527252197,0.6402745485305786,0.7733264923095703,0.6667146682739258,0.8327360630035401,0.6379184722900391,0.8623746752738952,0.6574813246726989,0.8378588676452636,0.6445148587226868,0.870011305809021,0.677421224117279,0.8664385080337524,0.6421063184738159,0.89674870967865,134.0
55.617999999999995,159.39000000000001,53.224000000000004,51.638,173.164,178.074,178.988,171.632,0.7217174172401428,0.5848520159721374,0.6235280513763428,0.5838459849357605,0.7679770350456238,0.6345871925354004,0.5840493321418763,0.6251207232475281,0.7048123717308045,0.6440691828727723,0.5254110336303711,0.6533717393875123,0.6900474786758423,0.6558620810508728,0.5027415096759796,0.6625782489776612,0.67958904504776,0.6519182324409485,0.49763633608818053,0.6608389377593994,0.6822059750556946,0.6484770536422729,0.5084711015224457,0.6584297180175781,0.7029595732688904,0.6881141424179077,0.6380285263061524,0.6870066523551941,0.686321496963501,0.7723038196563721,0.6374518275260925,0.7725531697273255,0.6667782425880432,0.8324645757675171,0.6338566660881042,0.8618321657180786,0.6578181624412537,0.8378944993019104,0.6415327072143555,0.8694480180740356,0.6775952339172363,0.8662940621376037,0.6359506130218506,0.8958086967468262,135.0
55.852,157.85399999999998,52.94,49.246,174.18599999999998,178.808,179.276,170.77599999999998,0.7205799221992493,0.5844514966011047,0.6234740018844604,0.5838813424110413,0.7664587259292602,0.634486448764801,0.5863366842269897,0.6255655765533448,0.7022949576377868,0.6439249515533447,0.5288375854492188,0.6539220571517944,0.6873682379722595,0.6556336045265198,0.5064881920814515,0.663372254371643,0.6765803813934326,0.651437771320343,0.5017377614974976,0.6619827628135682,0.6792919158935546,0.6480746865272522,0.5121769309043884,0.659376609325409,0.7017057657241821,0.6871194005012512,0.6371955037117004,0.6859262466430665,0.6853496789932251,0.7711822271347046,0.6348346710205078,0.7715566396713257,0.6668319702148438,0.8325544953346252,0.6304948091506958,0.861137592792511,0.6581542253494262,0.838762629032135,0.6390730977058411,0.8689500212669372,0.6775185108184815,0.8662055492401123,0.6300426840782165,0.8948025584220887,136.0
55.86,156.226,52.95399999999999,46.642,174.73999999999998,178.946,179.57,170.164,0.7194290161132812,0.5839653611183167,0.6234442591667175,0.5839312434196472,0.7653626799583435,0.6343865633010864,0.5886332869529725,0.6260451078414917,0.7003026008605957,0.643752908706665,0.5321162462234497,0.6545542240142822,0.6847330570220947,0.6554276943206787,0.5102835655212402,0.6643058061599731,0.6738291025161743,0.6509198784828186,0.5058540225028991,0.6632622122764588,0.6767258763313293,0.6475972414016724,0.5156353950500489,0.6603986501693726,0.7002502083778381,0.6862823724746704,0.6362435817718506,0.6849251389503479,0.6843705773353577,0.7703233122825622,0.6323169469833374,0.7706959009170532,0.6665893077850342,0.8326404809951782,0.626547348499298,0.8604220151901245,0.6578079700469971,0.8396236300468445,0.6358784914016724,0.8684414386749267,0.6773612022399902,0.8660588026046753,0.6237267017364502,0.8938585996627808,137.0
56.13199999999999,154.72600000000003,52.786,44.04,175.698,179.16799999999998,179.538,169.602,0.718341338634491,0.5834437370300293,0.6233753204345703,0.5840202450752259,0.7640779972076416,0.6342546343803406,0.591053593158722,0.6263592600822449,0.6988049268722534,0.6435703039169312,0.5363459706306457,0.6548081159591674,0.6828808784484863,0.6552467226982117,0.5153414130210876,0.6645911693572998,0.6721799492835998,0.6505376935005188,0.5114009737968445,0.6638995170593261,0.6751861810684204,0.6472051739692688,0.5207304358482361,0.6609109997749328,0.6989028334617615,0.6854037284851074,0.6353695273399353,0.6840442895889283,0.6831688761711121,0.7695270895957946,0.6300109505653382,0.7700072288513183,0.6663901448249817,0.8326931476593018,0.623108696937561,0.8597831726074219,0.6575219511985779,0.8404669523239136,0.6332686185836792,0.8680125951766968,0.67709801197052,0.8658992171287536,0.6176808714866638,0.8929452896118164,138.0
56.274,152.894,52.598,40.934000000000005,177.06799999999998,179.284,179.594,168.942,0.7169693946838379,0.5830157995223999,0.6232534170150756,0.5841177821159362,0.76262286901474,0.634122347831726,0.5938562989234925,0.6266664266586304,0.6972061991691589,0.6433699131011963,0.540651798248291,0.6553354382514953,0.6810167312622071,0.655068576335907,0.5205562114715576,0.6652557730674744,0.6702970147132874,0.6501719236373902,0.5169257283210754,0.6648533344268799,0.6733150362968445,0.6468366503715515,0.5258385419845581,0.6617327570915222,0.6975639939308167,0.6845027089118958,0.6343943357467652,0.6832197070121765,0.6816433072090149,0.7687765717506408,0.6273926019668579,0.769181752204895,0.6661613702774047,0.8326581597328186,0.6192995429039001,0.8588437438011169,0.6571201086044312,0.8411506772041321,0.6304581046104432,0.8672362685203552,0.6768001556396485,0.865704870223999,0.6106024265289307,0.89172443151474,139.0
56.25,151.246,52.54600000000001,37.998000000000005,177.91400000000002,179.462,179.488,168.456,0.7155513048171998,0.5827125668525696,0.6231309175491333,0.5840988993644715,0.7613605380058288,0.633991813659668,0.5962625503540039,0.6268898487091065,0.6956834077835083,0.6432467699050903,0.5439746737480163,0.6561249017715454,0.6789661645889282,0.6548984050750732,0.5246853113174439,0.6664252996444702,0.6684476256370544,0.6498189330101013,0.5211140155792237,0.6660261511802673,0.6716405630111695,0.6464919090270996,0.5298492670059204,0.6628021359443664,0.6963180422782898,0.6837733387947083,0.6334869027137756,0.6825886845588685,0.6802801609039306,0.7682020902633667,0.6251194596290588,0.7686238765716553,0.6659482717514038,0.8324634790420532,0.6159480571746826,0.8578248977661133,0.656709098815918,0.8415019989013672,0.6274532914161682,0.8664983630180358,0.6764405846595765,0.8652120590209961,0.6050672769546509,0.890378475189209,140.0
56.31,149.45999999999998,52.512,34.809999999999995,178.33800000000002,179.36,179.58599999999998,168.06400000000002,0.7142622470855713,0.5825249552726746,0.6230023145675659,0.5840522050857544,0.7600399494171143,0.6339113593101502,0.5986920237541199,0.6271667838096618,0.6939874887466431,0.6431958913803101,0.5477384209632874,0.6567575931549072,0.6766809582710266,0.6547823905944824,0.529468035697937,0.6673139214515686,0.6664153575897217,0.6495909810066223,0.5258731722831727,0.6668157935142517,0.6696661114692688,0.6462718605995178,0.5342906951904297,0.663521158695221,0.6949779987335205,0.6834304571151734,0.6324610352516175,0.6821994781494141,0.6790473222732544,0.7680389285087585,0.6227433800697326,0.7683130979537964,0.665641701221466,0.8321575403213501,0.6120990633964538,0.8567858338356018,0.6561888337135315,0.841314971446991,0.6242986798286438,0.8657939076423645,0.675946044921875,0.864680290222168,0.5980060458183288,0.8890565991401672,141.0
56.513999999999996,147.964,52.278,32.084,178.92800000000003,179.55599999999998,179.652,167.49200000000002,0.7130093932151794,0.5823208808898925,0.6228284001350403,0.584060537815094,0.7585694551467895,0.6338031888008118,0.6005323886871338,0.6277031064033508,0.6917956471443176,0.6432077765464783,0.549932312965393,0.6580641150474549,0.6740294814109802,0.6547295093536377,0.5320221781730652,0.6688862800598144,0.6638220548629761,0.6494947671890259,0.5283376455307007,0.6682896375656128,0.6671269178390503,0.6461812138557435,0.5367664813995361,0.6648746013641358,0.6938332557678223,0.683087694644928,0.6315144777297974,0.6818001389503479,0.6777252316474914,0.7677806377410888,0.6202979564666748,0.7678197979927063,0.66538907289505,0.8318109273910522,0.6087936639785767,0.855621075630188,0.6558733463287354,0.8410789608955384,0.6214551806449891,0.8649800658226013,0.6754532217979431,0.8641414761543273,0.5912801384925842,0.8878408312797547,142.0
56.589999999999996,146.354,52.232000000000006,29.306,179.312,179.398,179.674,167.044,0.7116952180862427,0.5820146083831788,0.6225937485694886,0.5840795278549195,0.7573131918907166,0.6335766673088074,0.6022326111793518,0.6283102750778198,0.6894740343093873,0.6432202816009521,0.5518179893493652,0.6593849778175354,0.6714107990264893,0.6546870470046997,0.5337054848670959,0.6704320311546326,0.6610509276390075,0.6494047403335571,0.529779052734375,0.6697762966156006,0.6643294095993042,0.646099853515625,0.5381890773773194,0.6662815690040589,0.6926040649414062,0.6827041506767273,0.6304182887077332,0.6813842415809631,0.6765270352363586,0.7673693060874939,0.6178178191184998,0.7671481370925903,0.6650405764579773,0.8314846992492676,0.6055705428123475,0.854142689704895,0.6554571866989136,0.8408472180366516,0.61876540184021,0.8638599634170532,0.6750822424888611,0.8636215567588806,0.5842421293258667,0.8861427307128906,143.0
56.852,145.196,52.025999999999996,27.076,179.12600000000003,179.302,179.60999999999999,166.812,0.7105394959449768,0.5815844416618348,0.6223276019096374,0.5840917944908142,0.7560428380966187,0.6332881808280945,0.6033714890480042,0.628906762599945,0.6870878100395202,0.6432332754135132,0.5531251907348633,0.6606252789497375,0.6687425374984741,0.6546718597412109,0.5346448063850403,0.671730101108551,0.6584046125411988,0.6493605852127076,0.5305681705474854,0.6709792852401734,0.6615976929664612,0.6460564494132995,0.5390591382980346,0.667479646205902,0.6915023922920227,0.6825366139411926,0.6293574571609497,0.6811633944511414,0.6756566643714905,0.767090106010437,0.6157567977905274,0.7665862560272216,0.6646639585494996,0.8311290979385376,0.602709424495697,0.8527505755424499,0.6550365924835205,0.840414535999298,0.6163329362869263,0.8628275394439697,0.6747439980506897,0.8631440162658691,0.5781999826431274,0.8845320224761963,144.0
57.524,143.702,51.616,24.582,179.06599999999997,179.202,179.666,166.406,0.7094338178634644,0.5810634732246399,0.6221851348876953,0.5837573170661926,0.7543974280357361,0.6328305959701538,0.6047488570213317,0.6293993592262268,0.684544038772583,0.64328054189682,0.5545717358589173,0.6617181658744812,0.6663320183753967,0.654716956615448,0.5358588337898255,0.6726633906364441,0.6560757756233215,0.649458384513855,0.5315848588943481,0.671956205368042,0.6591211199760437,0.64612717628479,0.5401310682296753,0.6684842586517334,0.6904202342033386,0.6822752237319947,0.6283887267112732,0.6808724761009216,0.6749267101287841,0.766775393486023,0.6134838223457336,0.765942919254303,0.6642464637756348,0.8309001922607422,0.5993420481681824,0.8513624787330627,0.6545518159866333,0.8401197195053101,0.6139760971069336,0.8617851257324218,0.674494206905365,0.8629886150360108,0.571553909778595,0.8830085039138794,145.0
58.14399999999999,142.666,51.25600000000001,22.68,178.93800000000002,179.18,179.56,166.098,0.7083544135093689,0.5804646611213684,0.6220622420310974,0.5833812832832337,0.7530049204826355,0.6323650121688843,0.6056431651115417,0.629871666431427,0.6825226902961731,0.6433428049087524,0.5550481796264648,0.6629735469818115,0.6644391298294068,0.654780113697052,0.5358678340911865,0.6740026354789734,0.6542638540267944,0.6496222019195557,0.5314668774604797,0.6733169078826904,0.6573107838630676,0.6462504386901855,0.5402155637741088,0.6698120832443237,0.6894375205039978,0.682025408744812,0.6275010228157043,0.680612587928772,0.6742501616477966,0.7664723634719849,0.6114845871925354,0.76539067029953,0.6639212012290955,0.8307242393493652,0.5967315316200257,0.8501447916030884,0.6541814684867859,0.83984534740448,0.6119766354560852,0.8608586907386779,0.674454927444458,0.8629294395446777,0.5670440673828125,0.8817074179649353,146.0
58.748000000000005,140.79000000000002,50.92,19.926000000000002,178.93,179.02,179.498,165.68200000000002,0.7069191813468934,0.5797652244567871,0.6220612764358521,0.5828702449798584,0.7514656782150269,0.6317933559417724,0.6075223326683045,0.6300551414489746,0.6806374907493591,0.6434192538261414,0.5572023749351501,0.6635390758514405,0.6629177927970886,0.6549765586853027,0.5380571722984314,0.6745412230491639,0.6529197096824646,0.6499141931533814,0.5336066484451294,0.6738910555839539,0.6558167457580566,0.6465000033378601,0.5425240397453308,0.6705075025558471,0.6883593082427979,0.6813780903816223,0.6267682671546936,0.6800613403320312,0.6736593604087829,0.7660871148109436,0.6094510793685913,0.7648131847381592,0.6637041568756104,0.8305781841278076,0.5938102722167968,0.8487433075904847,0.6539197444915772,0.8395675420761108,0.6097638487815857,0.8598257184028626,0.6744250178337097,0.8629337787628174,0.5629852771759033,0.8798960685729981,147.0
59.114,138.81199999999998,50.718,17.19,178.932,179.074,179.272,165.44,0.7054750442504882,0.5792101144790649,0.6221572279930114,0.5823454618453979,0.7500754356384277,0.6313453793525696,0.6094636201858521,0.6301768183708191,0.6788145542144776,0.6434767484664917,0.559235692024231,0.6639738559722901,0.6612312078475953,0.6551660299301147,0.5404232501983642,0.6749719262123108,0.6514677286148072,0.6501990795135498,0.5359143376350403,0.6743173003196716,0.6542771339416504,0.6467426538467407,0.5448532581329346,0.671066427230835,0.6872121453285217,0.6809722423553467,0.6260924577713013,0.6796809554100036,0.6731070756912232,0.7657980918884277,0.6077146291732788,0.7643017649650574,0.6635746240615845,0.8305878520011902,0.5910266995429992,0.8476871132850647,0.6537680864334107,0.8395057916641235,0.6076189517974854,0.8591349005699158,0.6744033575057984,0.862937867641449,0.5595370054244995,0.8786885380744934,148.0
59.517999999999994,137.136,50.532,14.412,178.92399999999998,178.732,179.066,164.998,0.7036871433258056,0.5785644888877869,0.6224340438842774,0.5817349553108215,0.748468017578125,0.6307520508766175,0.6115521550178528,0.6302531838417054,0.6770148873329163,0.6435429334640503,0.5615198612213135,0.6646262407302856,0.6594813704490662,0.6554032087326049,0.5435616731643677,0.6756223201751709,0.6497964262962341,0.6505853295326233,0.53886479139328,0.6749627590179443,0.6526736140251159,0.6470759034156799,0.5476665139198303,0.6718413949012756,0.6859204769134521,0.680327546596527,0.6254589438438416,0.67917720079422,0.6724962711334228,0.7654219031333923,0.6055649757385254,0.7637510538101197,0.6634602189064026,0.8306997895240784,0.5880653977394104,0.8463858366012573,0.6537012934684754,0.8396444439888,0.605238389968872,0.8582332611083985,0.6743862271308899,0.8629345893859863,0.5559363007545471,0.8771055221557618,149.0
59.708000000000006,136.16799999999998,50.574,12.506,178.72599999999997,178.272,178.782,164.602,0.7022197127342225,0.5780421257019043,0.6226274847984314,0.5814683318138123,0.7473211288452148,0.6303479671478271,0.6129302024841309,0.6303411245346069,0.6756512999534607,0.6436043500900268,0.5633160471916199,0.6650082111358643,0.6579551696777344,0.6556315779685974,0.5460526466369628,0.6761529207229614,0.6483779788017273,0.650917935371399,0.5413338303565979,0.6755486369132996,0.651233184337616,0.6473774909973145,0.5501503467559814,0.6723652362823487,0.6846330285072326,0.6797814965248108,0.6248239755630494,0.6787141561508179,0.6717632412910461,0.7650117516517639,0.6035862803459168,0.7631719470024109,0.6633293867111206,0.8308333396911621,0.58559730052948,0.845152485370636,0.6536988973617553,0.8398034930229187,0.6029161214828491,0.8573892116546631,0.6742276310920715,0.8629153370857239,0.5528211236000061,0.8754143238067627,150.0
59.653999999999996,134.676,50.75600000000001,9.85,178.382,177.41400000000002,178.60399999999998,163.976,0.700405728816986,0.5776015877723694,0.6227969050407409,0.581247067451477,0.7460980772972107,0.6299096465110778,0.6149009704589844,0.6303394436836243,0.6740383744239807,0.6436468839645386,0.56616712808609,0.6651460289955139,0.656250822544098,0.6558425426483154,0.5496931314468384,0.6762749671936035,0.6466702103614808,0.6511731624603272,0.5450943112373352,0.6757174611091614,0.6495171904563903,0.6476198554039001,0.5537484049797058,0.6725242018699646,0.6831872582435607,0.6791764378547669,0.6240049004554749,0.6782195210456848,0.6708517074584961,0.7644986867904663,0.6009408354759216,0.7624500870704651,0.6631737947463989,0.8309087753295898,0.582598090171814,0.8436784267425537,0.6537262558937073,0.8398985385894775,0.5998121976852417,0.8563455104827881,0.6739611625671387,0.862856674194336,0.5487568378448486,0.8734280943870545,151.0
59.61,133.77,50.912,7.9239999999999995,177.81,176.52,178.494,163.544,0.6988807320594788,0.577238941192627,0.6229513764381409,0.5810060620307922,0.7449922561645508,0.6295732259750366,0.6161439061164856,0.6303380012512207,0.672583818435669,0.643639886379242,0.5677762866020203,0.6653568029403687,0.6546255946159363,0.6559165954589844,0.551634919643402,0.6766287684440613,0.6451271057128907,0.6513047575950622,0.5471362352371216,0.6761466979980468,0.6480201482772827,0.6477375268936157,0.5555486559867859,0.6728151321411133,0.6818325519561768,0.6787736892700196,0.6230618119239807,0.6779249548912049,0.6698089122772217,0.7640431761741638,0.5984011173248291,0.7617284774780273,0.6629766941070556,0.8309935688972473,0.579908573627472,0.8423949241638183,0.6537532091140748,0.8400285959243774,0.5970922708511353,0.8554217100143433,0.6735106348991394,0.8627900838851928,0.5447775959968567,0.8717769622802735,152.0
59.826,133.248,50.821999999999996,6.04,177.048,175.14000000000001,178.708,162.722,0.697111189365387,0.576848566532135,0.6231066703796386,0.5807141304016114,0.7434247374534607,0.6290903687477112,0.6173863053321839,0.6303208351135254,0.6711843013763428,0.6436318159103394,0.5699235916137695,0.6656372308731079,0.653246545791626,0.6559903740882873,0.5539779543876648,0.6771900892257691,0.6437742829322814,0.6514323949813843,0.5496873259544373,0.6768230319023132,0.6466728210449219,0.6478449463844299,0.5577092051506043,0.6732741713523864,0.6805728316307068,0.6782223224639893,0.6221923947334289,0.6775134682655335,0.668610942363739,0.7636057257652282,0.5954026699066162,0.760834789276123,0.6627027511596679,0.8309192299842835,0.5770120739936828,0.8407300233840942,0.6537718176841736,0.8399472594261169,0.5940247535705566,0.8541173577308655,0.6729037880897522,0.8626460909843445,0.5404440879821777,0.8694674491882324,153.0
59.952,132.498,50.854,4.422000000000001,176.18,173.922,178.904,162.07399999999998,0.6957099080085755,0.5766835927963256,0.623176383972168,0.580428671836853,0.7421296000480652,0.628756833076477,0.6184104204177856,0.6302935838699341,0.6701286792755127,0.6436159014701843,0.5717044353485108,0.6655003070831299,0.6524036169052124,0.656027352809906,0.5556020498275757,0.6774419903755188,0.6430025458335876,0.651460838317871,0.5517159700393677,0.6772000670433045,0.6457500576972961,0.6478588700294494,0.5595261096954346,0.6733245134353638,0.6794544577598571,0.6776866555213928,0.6214159607887269,0.6771068215370178,0.6673892498016357,0.7630374789237976,0.5929956912994385,0.7597745537757874,0.6623897671699523,0.8308638811111451,0.5747968912124634,0.8392686367034912,0.6537756323814392,0.8399551272392273,0.5915965557098388,0.8530796527862549,0.6722265243530273,0.8625115275382995,0.5364397406578064,0.8674733400344848,154.0
60.086,131.826,50.714,2.8560000000000003,175.45800000000003,172.346,179.204,161.26,0.6938444256782532,0.5764732599258423,0.6232260227203369,0.5800438165664673,0.7404866099357605,0.6283597350120544,0.6199404478073121,0.6302060604095459,0.6690309286117554,0.6435866951942444,0.5748712539672851,0.665433120727539,0.6515701532363891,0.6560596227645874,0.5590238094329834,0.6776462316513061,0.6420284986495972,0.6514931321144104,0.5556034803390503,0.6774777293205261,0.6446869611740113,0.6478595495223999,0.5628690004348755,0.6734075665473938,0.67833012342453,0.677112877368927,0.6206218242645264,0.6767032623291016,0.6662332892417908,0.7625024914741516,0.5903380036354064,0.758658492565155,0.6620416402816772,0.8308347225189209,0.5726330041885376,0.8376688003540039,0.653792655467987,0.8399776101112366,0.5889262676239013,0.8516866087913513,0.6716044425964356,0.8624420166015625,0.5320986628532409,0.8653274655342102,155.0
60.338,131.408,50.306,2.528,174.94400000000002,171.102,179.29799999999997,160.596,0.6919859290122986,0.5762467503547668,0.6232852220535279,0.5795900702476502,0.7386682391166687,0.6280372262001037,0.6212211132049561,0.6301263093948364,0.6678179621696472,0.6435617446899414,0.5776247143745422,0.6654048204421997,0.6506772994995117,0.6561316251754761,0.5620242238044739,0.6779016613960266,0.6411985635757447,0.6516046524047852,0.558935034275055,0.677828335762024,0.6436706423759461,0.6479278326034545,0.5657369136810303,0.6735461592674256,0.6773876667022705,0.676575767993927,0.6199659466743469,0.6763616323471069,0.6652383446693421,0.7620479464530945,0.5881824731826782,0.75762460231781,0.6615983605384826,0.8308862686157227,0.5708422183990478,0.8360304117202759,0.6537503123283386,0.8400718212127686,0.58687664270401,0.8501040577888489,0.6710222125053406,0.862476360797882,0.5285502433776855,0.8632652997970581,156.0
60.545,131.415,50.135,2.2649999999999997,174.66500000000002,170.3175,179.39,160.1125,0.6910479217767715,0.5761634111404419,0.6233017146587372,0.5793883949518204,0.7376732975244522,0.6278032213449478,0.6217928677797318,0.6300772577524185,0.6673804074525833,0.6435422450304031,0.5792023688554764,0.6653747260570526,0.6503769010305405,0.6561526209115982,0.5638048946857452,0.678040623664856,0.6408215165138245,0.6516343951225281,0.5609013438224792,0.6779963374137878,0.6432325094938278,0.6479359120130539,0.567403644323349,0.6736199855804443,0.6768696904182434,0.6762985587120056,0.6197120100259781,0.6761646121740341,0.6647151708602905,0.7617778927087784,0.5870400369167328,0.7570096552371979,0.6613909155130386,0.8308960944414139,0.5699465721845627,0.8352235704660416,0.6537356674671173,0.8401357382535934,0.585686594247818,0.8493232727050781,0.6707402616739273,0.8624482601881027,0.5266530811786652,0.8620791882276535,156.5
60.589999999999996,131.34666666666666,49.98333333333333,2.4,174.4366666666667,169.75,179.4333333333333,159.82333333333335,0.6901852687199911,0.5760982036590576,0.6233243147532145,0.5791549881299337,0.7368954420089722,0.6276852289835612,0.6223417917887369,0.6300315459569296,0.6668496131896973,0.6435305674870809,0.580560545126597,0.665329118569692,0.6499679287274679,0.6561939716339111,0.5654085079828898,0.678072472413381,0.6403735081354777,0.6516929268836975,0.5627100467681885,0.6780294974644979,0.6426962415377299,0.647972305615743,0.5691057642300924,0.6735471685727438,0.6764533519744873,0.6760197281837463,0.6194748481114706,0.6759854952494303,0.6642725467681885,0.7614105542500814,0.5862582127253214,0.7563787301381429,0.6611709793408712,0.8309545119603475,0.5693853696187338,0.834415853023529,0.6537112792332967,0.84024578332901,0.5847503344217936,0.8485419352849325,0.6705347895622253,0.8625283439954122,0.524912416934967,0.8611493508021036,157.0
